expression,reading,meaning,tags
現像,げんぞう,developing film,n1
原則,げんそく,"principle, general rule",n1
見地,けんち,point of view,n1
現地,げんち,"actual place, local",n1
限定,げんてい,"limit, restriction",n1
原点,げんてん,"origin coordinates, starting point",n1
原典,げんてん,"original, source",n1
原爆,げんばく,atomic bomb,n1
原文,げんぶん,"the text, original",n1
厳密,げんみつ,"strict, close",n1
賢明,けんめい,"wisdom, intelligence, prudence",n1
倹約,けんやく,"thrift, economy, frugality",n1
原油,げんゆ,crude oil,n1
兼用,けんよう,"multiuse, combined use",n1
権力,けんりょく,"political power, authority, influence",n1
言論,げんろん,"discussion, speech",n1
故～,こ,"deceased, late",n1
語彙,ごい,"vocabulary, glossary",n1
恋する,こいする,"to fall in love with, to love",n1
甲,こう,1st in rank shell,n1
～光,こう,light,n1
好意,こうい,"good will, favor, courtesy",n1
行為,こうい,"act, deed, conduct",n1
合意,ごうい,"agreement, consent, mutual understanding",n1
工学,こうがく,engineering,n1
抗議,こうぎ,"protest, objection",n1
合議,ごうぎ,"consultation, conference",n1
皇居,こうきょ,Imperial Palace,n1
好況,こうきょう,"prosperous conditions, healthy economy",n1
鉱業,こうぎょう,mining industry,n1
興業,こうぎょう,starting a business industry,n1
高原,こうげん,"tableland, plateau",n1
交互,こうご,"mutual, reciprocal, alternate",n1
煌々と,こうこうと,brightly,n1
考古学,こうこがく,archeology,n1
工作,こうさく,"handicraft, maneuvering",n1
耕作,こうさく,"cultivation, farming",n1
鉱山,こうざん,mine,n1
講習,こうしゅう,"short course, training",n1
口述,こうじゅつ,verbal statement,n1
控除,こうじょ,"subsidy, deduction",n1
交渉,こうしょう,negotiation,n1
高尚,こうしょう,"high, noble, refined",n1
向上,こうじょう,"rise, improvement, progress",n1
行進,こうしん,"march, parade",n1
香辛料,こうしんりょう,spices,n1
降水,こうすい,"rainfall, precipitation",n1
洪水,こうずい,flood,n1
合成,ごうせい,"synthetic, mixed",n1
公然,こうぜん,openly,n1
抗争,こうそう,"dispute, resistance",n1
構想,こうそう,"plan, plot, idea, conception",n1
後退,こうたい,"retreat, backspace",n1
光沢,こうたく,"luster, glossy finish of photographs",n1
公団,こうだん,public corporation,n1
好調,こうちょう,"satisfactory, in good shape",n1
口頭,こうとう,oral,n1
講読,こうどく,reading,n1
購読,こうどく,subscription,n1
購入,こうにゅう,"purchase, buy",n1
公認,こうにん,"official recognition, authorization",n1
光熱費,こうねつひ,cost of fuel and light,n1
購買,こうばい,"purchase, buy",n1
好評,こうひょう,"popularity, favorable reputation",n1
交付,こうふ,"delivering, furnishing with copies",n1
公募,こうぼ,"public appeal, public contribution",n1
巧妙,こうみょう,"ingenious, skillful, clever",n1
公用,こうよう,"government business, public use, public expense",n1
小売,こうり,retail,n1
効率,こうりつ,efficiency,n1
公立,こうりつ,public institution,n1
護衛,ごえい,"guard, convoy, escort",n1
小柄,こがら,"small, diminutive",n1
小切手,こぎって,"cheque, check",n1
国産,こくさん,domestic products,n1
国定,こくてい,"statesponsored, national",n1
告白,こくはく,"confession, acknowledgment",n1
国防,こくぼう,national defense,n1
国有,こくゆう,national ownership,n1
極楽,ごくらく,paradise,n1
国連,こくれん,"UN, United Nations",n1
焦げ茶,こげちゃ,dark brown,n1
語源,ごげん,"word root, word derivation, etymology",n1
心地,ここち,"feeling, sensation, mood",n1
心得,こころえ,"knowledge, information",n1
心掛け,こころがけ,"readiness, intention, aim",n1
心掛ける,こころがける,"to bear in mind, to aim to do",n1
志,こころざし,"will, intention, motive",n1
志す,こころざす,"to plan, to intend, to aspire to",n1
心強い,こころづよい,"heartening, reassuring",n1
心細い,こころぼそい,"helpless, hopeless, discouraging",n1
試み,こころみ,"trial, experiment",n1
試みる,こころみる,"to try, to test",n1
快い,こころよい,"pleasant, agreeable",n1
誤差,ごさ,error,n1
孤児,こじ,orphan,n1
梢,こずえ,treetop,n1
個性,こせい,"individuality, personality, idiosyncrasy",n1
戸籍,こせき,"census, family register",n1
古代,こだい,ancient times,n1
誇張,こちょう,exaggeration,n1
滑稽,こっけい,"funny, humorous, comical",n1
国交,こっこう,diplomatic relations,n1
骨董品,こっとうひん,curio,n1
固定,こてい,"fixation, fixing eg, salary, capital",n1
事柄,ことがら,"matter, thing, affair, circumstance",n1
孤独,こどく,"isolation, loneliness, solitude",n1
言付け,ことづけ,to leave a message,n1
殊に,ことに,"especially, above all",n1
粉々,こなごな,in very small pieces,n1
好ましい,このましい,"nice, likable, desirable",n1
碁盤,ごばん,Go board,n1
個別,こべつ,particular case,n1
細やか,こまやか,"meager, modest",n1
込める,こめる,"to include, to put into",n1
籠もる,こもる,"to seclude oneself, to be confined in",n1
固有,こゆう,"characteristic, tradition, peculiar",n1
暦,こよみ,"calendar, almanac",n1
凝らす,こらす,"to concentrate, to devote, to peer into",n1
孤立,こりつ,"isolation, helplessness",n1
懲りる,こりる,"to learn by experience, to be disgusted with",n1
凝る,こる,"to stiffen, to harden",n1
根気,こんき,"patience perseverance, energy",n1
根拠,こんきょ,"basis, foundation",n1
混血,こんけつ,"mixed race, mixed parentage",n1
昆虫,こんちゅう,"insect, bug",n1
根底,こんてい,"root, basis, foundation",n1
混同,こんどう,"confusion, mixing, merger",n1
根本,こんぽん,"foundation, root, base",n1
財,ざい,"fortune, riches",n1
再会,さいかい,"meeting again, reunion",n1
災害,さいがい,"calamity, disaster, misfortune",n1
細菌,さいきん,"bacillus, bacterium, germ",n1
細工,さいく,"work, craftsmanship, trick",n1
採掘,さいくつ,mining,n1
採決,さいけつ,"vote, roll call",n1
再建,さいけん,temple or shrine rebuilding,n1
再現,さいげん,"reproduction, return, revival",n1
財源,ざいげん,"source of funds, resources, finances",n1
在庫,ざいこ,"stockpile, stock",n1
採算,さいさん,profit,n1
再生,さいせい,"playback, regeneration, resuscitation",n1
財政,ざいせい,"economy, financial affairs",n1
最善,さいぜん,the very best,n1
採択,さいたく,"adoption, selection, choice",n1
栽培,さいばい,cultivation,n1
再発,さいはつ,"return, relapse, reoccurrence",n1
細胞,さいぼう,cell,n1
採用,さいよう,"use, adopt",n1
遮る,さえぎる,"to interrupt, to intercept, to obstruct",n1
冴える,さえる,"to be clear, to be bright, to be skillful",n1
竿,さお,"rod, pole eg, for drying laundry",n1
栄える,さかえる,"to flourish, to prosper, to thrive",n1
差額,さがく,"balance, difference, margin",n1
杯,さかずき,wine cup,n1
逆立ち,さかだち,"handstand, headstand",n1
詐欺,さぎ,"fraud, swindle",n1
削減,さくげん,"cut, reduction",n1
錯誤,さくご,mistake,n1
作戦,さくせん,"military operations, tactics, strategy",n1
叫び,さけび,"shout, scream, outcry",n1
捧げる,ささげる,"to lift up, to give, to offer",n1
差し掛かる,さしかかる,"to come near to, to approach",n1
指図,さしず,"instruction, mandate",n1
差し出す,さしだす,"to present, to submit, to hold out",n1
差し支える,さしつかえる,"to interfere, to hinder",n1
授ける,さずける,"to grant, to award, to teach",n1
摩する,さする,"to rub, to stroke",n1
定まる,さだまる,"to become settled, to be fixed",n1
定める,さだめる,"to decide, to determine",n1
座談会,ざだんかい,"symposium, roundtable discussion",n1
雑,ざつ,"rough, crude",n1
雑貨,ざっか,"miscellaneous goods, general goods",n1
殺人,さつじん,murder,n1
察する,さっする,"to guess, to sense, to judge",n1
雑談,ざつだん,"chatting, idle talk",n1
悟る,さとる,"to attain enlightenment, to understand",n1
最中,さなか,"in the middle of, midst",n1
座標,ざひょう,coordinates,n1
様,さま,state way a person does something Mr or Mrs,n1
寒気,さむけ,"chill, shiver, cold",n1
侍,さむらい,samurai,n1
作用,さよう,"operation, effect, function",n1
障る,さわる,"to hinder, to interfere with, to affect",n1
酸,さん,acid,n1
山岳,さんがく,mountains,n1
参議院,さんぎいん,House of Councilors,n1
産休,さんきゅう,maternity leave,n1
残金,ざんきん,remaining money,n1
産後,さんご,"postpartum, after childbirth",n1
残酷,ざんこく,"cruelty, harshness",n1
産出,さんしゅつ,"yield, produce",n1
参照,さんしょう,"reference, consultation, consultation",n1
参上,さんじょう,"calling on, visiting",n1
残高,ざんだか,"bank balance, remainder",n1
桟橋,さんばし,"wharf, jetty, pier",n1
賛美,さんび,"praise, adoration, glorification",n1
山腹,さんぷく,"hillside, mountainside",n1
産婦人科,さんふじんか,maternity and gynecology department,n1
産物,さんぶつ,"product, result, fruit",n1
山脈,さんみゃく,mountain range,n1
仕上がり,しあがり,"finish, end, completion",n1
仕上,しあげ,"end, finishing touches",n1
仕上げる,しあげる,"to finish up, to complete",n1
飼育,しいく,"breeding, raising, rearing",n1
強いて,しいて,"to dare, to insist",n1
仕入れる,しいれる,"to lay in stock, to replenish stock, to procure",n1
強いる,しいる,"to force, to compel, to coerce",n1
潮,しお,tide,n1
歯科,しか,dentistry,n1
自我,じが,"self, ego",n1
自覚,じかく,selfconscious,n1
仕掛,しかけ,"device, trick, mechanism",n1
仕掛ける,しかける,"to lay, to set, to wage",n1
色彩,しきさい,color,n1
式場,しきじょう,"ceremonial hall, place of ceremony eg, marriage",n1
事業,じぎょう,"project, enterprise, business",n1
軽蔑,けいべつ,"scorn, disdain",n1
経歴,けいれき,"personal history, career",n1
経路,けいろ,"course, route, channel",n1
劇団,げきだん,"troupe, theatrical company",n1
激励,げきれい,encouragement,n1
獣,けだもの,"beast, brute",n1
決,けつ,"decision, vote",n1
決意,けつい,"decision, determination",n1
結核,けっかく,tuberculosis,n1
決議,けつぎ,"resolution, vote, decision",n1
結合,けつごう,"combination, union",n1
決算,けっさん,"balance sheet, settlement of accounts",n1
月謝,げっしゃ,monthly tuition fee,n1
決勝,けっしょう,finals in sports,n1
結晶,けっしょう,"crystal, crystallization",n1
結成,けっせい,formation,n1
結束,けっそく,"union, unity",n1
決断,けつだん,"decision, determination",n1
月賦,げっぷ,monthly installment,n1
欠乏,けつぼう,shortage,n1
蹴飛ばす,けとばす,"to kick away, to kick someone",n1
煙たい,けむたい,"smoky, feeling awkward",n1
煙る,けむる,"to smoke eg, fire",n1
家来,けらい,"retainer, retinue, servant",n1
下痢,げり,diarrhea,n1
権威,けんい,"authority, power, influence",n1
兼業,けんぎょう,holding two jobs at the same time,n1
原形,げんけい,"original form, base form",n1
原型,げんけい,"prototype, model, archetypal",n1
権限,けんげん,"power, authority, jurisdiction",n1
現行,げんこう,"present, current, in operation",n1
健在,けんざい,"in good health, well",n1
原作,げんさく,original work,n1
検事,けんじ,public prosecutor,n1
原子,げんし,atom,n1
元首,げんしゅ,"ruler, sovereign",n1
原書,げんしょ,original document,n1
懸賞,けんしょう,"offering prizes, winning, reward",n1
健全,けんぜん,"health, soundness, wholesome",n1
元素,げんそ,element,n1
同調,どうちょう,"sympathy, agree with, alignment",n1
到底,とうてい,cannot possibly,n1
動的,どうてき,"dynamic, kinetic",n1
尊い,とうとい,"precious, valuable, noble",n1
貴い,とうとい,"precious, valuable, noble",n1
同等,どうとう,"equality, equal, same rank",n1
堂々,どうどう,"magnificent, grand, impressive",n1
尊ぶ,とうとぶ,"to value, to prize, to esteem",n1
投入,とうにゅう,"throw, investment, making an electrical circuit",n1
導入,どうにゅう,"introduction, bringing in, leading in",n1
当人,とうにん,"the one concerned, the said person",n1
同封,どうふう,"enclosure eg, in a letter",n1
逃亡,とうぼう,escape,n1
冬眠,とうみん,"hibernation, winter sleep",n1
同盟,どうめい,"alliance, union, league",n1
動力,どうりょく,"power, motive power, dynamic force",n1
登録,とうろく,"registration, register, record",n1
討論,とうろん,discussion debate,n1
遠ざかる,とおざかる,to go far off,n1
遠回り,とおまわり,"detour, roundabout way",n1
時折,ときおり,sometimes,n1
研ぐ,とぐ,"to sharpen, to grind, to polish",n1
特技,とくぎ,special talent skill,n1
独裁,どくさい,"dictatorship, despotism",n1
特産,とくさん,"specialty, special product",n1
独自,どくじ,"original, peculiar, characteristic",n1
特集,とくしゅう,"feature eg, newspaper, special edition, report",n1
独占,どくせん,monopoly,n1
独創,どくそう,originality,n1
得点,とくてん,"score, points made",n1
特派,とくは,"send specially, special envoy",n1
特有,とくゆう,"characteristic of, peculiar to",n1
遂げる,とげる,"to accomplish, to achieve, to carry out",n1
年頃,としごろ,"age, marriageable age, adolescence",n1
戸締り,とじまり,"closing up, locking the doors",n1
途上,とじょう,"en/in route, half way",n1
土台,どだい,"foundation, base, basis",n1
途絶える,とだえる,"to stop, to cease, to come to an end",n1
特許,とっきょ,"special permission, patent",n1
特権,とっけん,"privilege, special right",n1
突如,とつじょ,"suddenly, all of a sudden",n1
突破,とっぱ,"breaking through, breakthrough, penetration",n1
土手,どて,"embankment, bank",n1
届,とどけ,"report, notification, registration",n1
滞る,とどこおる,"to stagnate, to be delayed",n1
整える,ととのえる,"to put in order, to arrange, to adjust to get ready, to prepare to raise money",n1
止める,とどめる,"to end, to stop, to cease, to resign",n1
唱える,となえる,"to recite, to chant, to call upon",n1
殿様,とのさま,feudal lord,n1
土俵,どひょう,arena,n1
扉,とびら,"door, opening",n1
溝,どぶ,"ditch, drain, gap",n1
徒歩,とほ,"walking, going on foot",n1
土木,どぼく,public works,n1
乏しい,とぼしい,"meager, scarce, hard up, poor",n1
富,とみ,"wealth, fortune",n1
富む,とむ,"to be rich, to become rich",n1
共稼ぎ,ともかせぎ,"working together, husband and wife earning a living together",n1
伴う,ともなう,"to accompany, to bring with",n1
共働き,ともばたらき,dual income husband and wife both working,n1
取扱,とりあつかい,"treatment, handling, management",n1
取り扱う,とりあつかう,"to treat, to handle, to deal in",n1
鳥居,とりい,Shinto shrine archway,n1
取り替え,とりかえ,"swap, exchange",n1
取り組む,とりくむ,"to tackle, to engage in a bout, to come to grips with",n1
取締り,とりしまり,"control, crackdown, supervision",n1
取り締まる,とりしまる,"to crack down, to control, to supervise",n1
取り調べる,とりしらべる,"to investigate, to examine",n1
取り立てる,とりたてる,"to collect, to extort",n1
取り次ぐ,とりつぐ,"to act as an agent for, to announce someone, to convey a message",n1
取り付ける,とりつける,"to furnish, to install to get someone's agreement",n1
取り除く,とりのぞく,"to remove, to take away, to set apart",n1
取引,とりひき,"transactions, dealings, business",n1
取り巻く,とりまく,"to surround, to circle, to enclose",n1
取り混ぜる,とりまぜる,"to mix, to put together",n1
取り戻す,とりもどす,"to take back, to regain",n1
取り寄せる,とりよせる,"to order, to send away for",n1
副,とりわけ,"especially, above all",n1
鈍感,どんかん,"thickheadedness, stolidity",n1
度忘れ,どわすれ,"lapse of memory, forget for a moment",n1
問屋,とんや,wholesale store,n1
内閣,ないかく,"cabinet, government",n1
乃至,ないし,"fromto, betweenand, or",n1
内緒,ないしょ,"secrecy, privacy, secret",n1
内心,ないしん,"innermost thoughts, real intention, inmost heart",n1
内蔵,ないぞう,internal organ builtin,n1
内部,ないぶ,"interior, inside, internal",n1
内乱,ないらん,"civil war, domestic conflict",n1
内陸,ないりく,inland,n1
苗,なえ,rice seedling,n1
流し,ながし,sink,n1
長々,ながなが,"long, drawnout, very long",n1
中程,なかほど,"middle, midway",n1
渚,なぎさ,"water's edge, beach, shore",n1
嘆く,なげく,"to sigh, to lament, to grieve",n1
投げ出す,なげだす,"to abandon, to throw out",n1
仲人,なこうど,"gobetween, matchmaker",n1
和やか,なごやか,"mild, calm, harmonious",n1
名残,なごり,"remains, traces, memory",n1
情け,なさけ,"sympathy, compassion",n1
情無い,なさけない,"miserable, pitiable, shameful",n1
情深い,なさけぶかい,"tenderhearted, compassionate",n1
詰る,なじる,"to rebuke, to scold, to tell off",n1
名高い,なだかい,"famous, celebrated, wellknown",n1
雪崩,なだれ,avalanche,n1
懐く,なつく,to become emotionally attached,n1
名付ける,なづける,to name,n1
何気ない,なにげない,"casual, unconcerned",n1
名札,なふだ,"name plate, name tag",n1
生臭い,なまぐさい,"smelling of fish or blood, fish or meat",n1
生温い,なまぬるい,"lukewarm, halfhearted",n1
生身,なまみ,"living flesh, flesh and blood, the quick",n1
鉛,なまり,lead the metal,n1
滑らか,なめらか,"smoothness, glassiness",n1
嘗める,なめる,to lick to experience to make fun of,n1
悩ましい,なやましい,"seductive, melancholy, languid",n1
悩ます,なやます,"to bother, to harass, to molest",n1
悩み,なやみ,"troubles, worry, distress",n1
並びに,ならびに,and,n1
成り立つ,なりたつ,"to consist of to be practical logical, feasible, viable, to be concluded, to hold true",n1
慣れ,なれ,"practice, experience",n1
馴々しい,なれなれしい,"familiar, make free with",n1
何だか,なんだか,"a little, somewhat, somehow",n1
荷,に,"load, baggage, cargo",n1
似通う,にかよう,to resemble closely,n1
賑わう,にぎわう,"to prosper, to flourish, to be crowded with people",n1
憎しみ,にくしみ,hatred,n1
肉親,にくしん,"blood relationship, blood relative",n1
肉体,にくたい,"the body, the flesh",n1
逃げ出す,にげだす,"to run away, to escape from",n1
西日,にしび,westering sun,n1
滲む,にじむ,"to run, to blur, to spread",n1
にせ物,にせもの,"imitation, counterfeit",n1
日夜,にちや,"day and night, always",n1
荷造り,にづくり,"packing, baling, crating",n1
担う,になう,"to carry on shoulder, to bear burden, to shoulder gun",n1
鈍る,にぶる,"to become less capable, to grow dull, to become blunt, to weaken",n1
にも関わらず,にもかかわらず,"in spite of, nevertheless",n1
入手,にゅうしゅ,"obtaining, coming to hand",n1
入賞,にゅうしょう,winning a prize or place in a contest,n1
入浴,にゅうよく,"bathe, bathing",n1
尿,にょう,urine,n1
認識,にんしき,"recognition, cognizance",n1
妊娠,にんしん,"conception, pregnancy",n1
任務,にんむ,"duty, mission, task",n1
任命,にんめい,"appointment, nomination, ordination",n1
抜かす,ぬかす,"to omit, to leave out",n1
抜け出す,ぬけだす,"to slip out, to sneak away, to excel",n1
主,ぬし,"owner, master, god",n1
沼,ぬま,"swamp, bog, pond",n1
音色,ねいろ,"tone color, timbre",n1
値打ち,ねうち,"value, worth, price",n1
寝かせる,ねかせる,"to put to bed, to lay down, to ferment",n1
捩れる,ねじれる,"twist, strain",n1
妬む,ねたむ,"to be jealous, to be envious",n1
熱意,ねつい,"zeal, enthusiasm",n1
熱湯,ねっとう,boiling water,n1
熱量,ねつりょう,calorific value,n1
粘り,ねばり,"stickiness, viscosity",n1
粘る,ねばる,"to be sticky, to be adhesive, to persist, to stick to",n1
値引き,ねびき,"price reduction, discount",n1
根回し,ねまわし,making necessary arrangements,n1
眠たい,ねむたい,sleepy,n1
練る,ねる,"to knead, to work over, to polish up",n1
念,ねん,"sense, feeling, desire",n1
年賀,ねんが,"New Year's greetings, New Year's card",n1
念願,ねんがん,"one's heart's desire, earnest petition",n1
年号,ねんごう,"name of an era, year number",n1
燃焼,ねんしょう,"burning, combustion",n1
年長,ねんちょう,seniority,n1
燃料,ねんりょう,fuel,n1
年輪,ねんりん,annual tree ring,n1
農耕,のうこう,"farming, agriculture",n1
農場,のうじょう,farm,n1
農地,のうち,agricultural land,n1
納入,のうにゅう,"payment, supply",n1
逃す,のがす,"to let loose, to set free, to let escape",n1
逃れる,のがれる,to escape,n1
軒並,のきなみ,row of houses uniformly,n1
望ましい,のぞましい,"desirable, hoped for",n1
乗っ取る,のっとる,"to capture, to occupy, to take over",n1
罵る,ののしる,"to speak ill of, to abuse",n1
延べ,のべ,"futures, credit buying, stretching, total",n1
飲み込む,のみこむ,"to gulp down, to swallow deeply, to understand",n1
乗り込む,のりこむ,"to board, to get into a car to march into, to enter",n1
刃,は,"blade, sword",n1
～派,は,"group, party, section mil",n1
把握,はあく,"grasp, catch, understanding",n1
廃棄,はいき,"disposal, abandon, discarding",n1
配給,はいきゅう,"distribution eg, films, rice",n1
ばい菌,ばいきん,"bacteria, germs",n1
配偶者,はいぐうしゃ,spouse,n1
拝啓,はいけい, a formal greeting used at the beginning of a letter ,n1
背景,はいけい,"background, scenery, setting",n1
背後,はいご,"back, rear",n1
廃止,はいし,"abolition, repeal",n1
拝借,はいしゃく,humble polite borrowing,n1
排除,はいじょ,"exclusion, removal, rejection",n1
賠償,ばいしょう,"reparations, indemnity, compensation",n1
排水,はいすい,drainage,n1
敗戦,はいせん,"defeat, losing a war",n1
配置,はいち,"arrangement of resources, disposition",n1
配布,はいふ,distribution,n1
配分,はいぶん,"distribution, allotment",n1
敗北,はいぼく,defeat as a verb it means 'to be defeated',n1
倍率,ばいりつ,"diameter, magnification",n1
配慮,はいりょ,"consideration, concern, forethought",n1
配列,はいれつ,"arrangement, array programming",n1
破壊,はかい,destruction,n1
一概に,いちがいに,"unconditionally, necessarily",n1
著しい,いちじるしい,"remarkable, considerable",n1
一同,いちどう,"all present, all concerned, all of us",n1
一部分,いちぶぶん,"a part, a portion",n1
一別,いちべつ,parting,n1
一面,いちめん,"one side, the other hand",n1
一目,いちもく,"a glance, a look, a glimpse",n1
一様,いちよう,"uniform, similar, equal",n1
一律,いちりつ,"even, uniform, equal",n1
一連,いちれん,"a series, a chain, a ream of paper",n1
一括,いっかつ,"all together, batch",n1
一気,いっき,"at one push, in one gulp",n1
一挙に,いっきょに,"at a stroke, with a single swoop",n1
一見,いっけん,"a look, a glimpse, glance first meeting",n1
一切,いっさい,"without exception, the whole",n1
一心,いっしん,"one mind, with rapt attention",n1
一変,いっぺん,complete change,n1
意図,いと,"intention, aim, design",n1
営む,いとなむ,"to carry on eg, in ceremony, to run a business",n1
挑む,いどむ,to challenge,n1
稲光,いなびかり,flash of lightning,n1
祈り,いのり,"prayer, supplication",n1
今更,いまさら,"now, again",n1
未だ,いまだ,"yet, still",n1
移民,いみん,"emigrant, immigrant",n1
嫌々,いやいや,"reluctantly, by no means, unwillingly",n1
卑しい,いやしい,"greedy, vulgar, shabby",n1
意欲,いよく,"will, desire, ambition",n1
威力,いりょく,"power, might, authority",n1
衣類,いるい,"clothes, clothing, garments",n1
異論,いろん,"different opinion, objection",n1
印鑑,いんかん,"stamp, seal",n1
陰気,いんき,"gloom, melancholy",n1
隠居,いんきょ,retirement retired person,n1
受かる,うかる,to pass examination,n1
受け入れ,うけいれ,"receiving, acceptance",n1
受け入れる,うけいれる,"to accept, to receive",n1
受け継ぐ,うけつぐ,"to inherit, to succeed",n1
受け付ける,うけつける,"to be accepted, to receive an application",n1
受け止める,うけとめる,"to catch, to react to, to take",n1
受身,うけみ,"passive, passive voice",n1
受持ち,うけもち,"charge of something, matter in one's charge",n1
動き,うごき,"movement, activity, trend",n1
埋める,うずめる,"to bury, to fill",n1
嘘つき,うそつき,liar,n1
うたた寝,うたたね,"dozing, napping",n1
打ち明ける,うちあける,"to confess, to be open",n1
打ち切る,うちきる,"to stop, to abort, to discontinue, to close",n1
打ち消し,うちけし,"gram negation, denial, negative",n1
打ち込む,うちこむ,"to devote oneself to, to shoot into",n1
団扇,うちわ,fan,n1
内訳,うちわけ,"the items, breakdown, classification",n1
写し,うつし,"copy, duplicate",n1
訴え,うったえ,"lawsuit, complaint",n1
空ろ,うつろ,"blank, hollow, empty",n1
器,うつわ,"bowl, vessel, container",n1
腕前,うでまえ,"ability, skill, facility",n1
雨天,うてん,rainy weather,n1
促す,うながす,"to urge, to suggest, to demand",n1
生まれつき,うまれつき,"by nature, by birth, native",n1
埋め込む,うめこむ,"to embed, implant",n1
梅干し,うめぼし,dried plum,n1
裏返し,うらがえし,"inside out, reverse",n1
売り出し,うりだし,bargain sale,n1
売り出す,うりだす,"to put on sale, to market",n1
潤う,うるおう,to be moist to profit by,n1
浮気,うわき,"affair, to cheat",n1
上回る,うわまわる,to exceed,n1
植わる,うわる,to be planted,n1
運営,うんえい,"management, administration, operation",n1
運送,うんそう,"shipping, freight",n1
運賃,うんちん,"freight rates, shipping expenses, passenger fare",n1
云々,うんぬん,"and so on, and so forth",n1
運搬,うんぱん,"transport, carriage",n1
運命,うんめい,fate,n1
運輸,うんゆ,transportation,n1
運用,うんよう,"making use of, application, practical use",n1
～営,えい, run,n1
英字,えいじ,English letter character,n1
映写,えいしゃ,projection,n1
映像,えいぞう,"reflection, image",n1
英雄,えいゆう,"hero, great man",n1
液,えき,"liquid, fluid",n1
閲覧,えつらん,"inspection, reference, browse",n1
獲物,えもの,"game, spoils, trophy",n1
襟,えり,"neck, collar",n1
円滑,えんかつ,"harmony, smoothness",n1
縁側,えんがわ,"veranda, porch, balcony, open corridor",n1
沿岸,えんがん,"coast, shore",n1
婉曲,えんきょく,"euphemistic, indirect, insinuating",n1
演出,えんしゅつ,"production erg play, direction",n1
演じる,えんじる,"to perform, to play a part, to act",n1
演ずる,えんずる,"to perform, to play a part, to act",n1
沿線,えんせん,along railway line,n1
縁談,えんだん,marriage proposal,n1
遠方,えんぽう,"long way, distant place",n1
円満,えんまん,"harmony, peace, smoothness",n1
追い込む,おいこむ,"to herd, to corner, to drive",n1
追い出す,おいだす,"to expel, to drive out",n1
於いて,おいて,"at, in, on",n1
老いる,おいる,"to age, to grow old",n1
応急,おうきゅう,emergency,n1
黄金,おうごん,gold,n1
往診,おうしん,"doctor's visit, house call",n1
応募,おうぼ,"subscription, application",n1
大方,おおかた,"almost all, majority",n1
大柄,おおがら,"large build, large pattern",n1
大筋,おおすじ,"outline, summary",n1
大空,おおぞら,"heaven, the sky",n1
大幅,おおはば,"full width, large scale, drastic",n1
大水,おおみず,flood,n1
公,おおやけ,public,n1
犯す,おかす,"to perpetrate, to violate",n1
侵す,おかす,"to invade, to raid, to trespass",n1
臆病,おくびょう,"cowardice, timidity",n1
遅らす,おくらす,"to retard, to delay",n1
厳か,おごそか,"majestic, dignified",n1
行い,おこない,"conduct, behavior, action",n1
収まる,おさまる,to settle into to be obtained,n1
納まる,おさまる,to settle into to be obtained,n1
治まる,おさまる,"to be at peace, to calm down",n1
お産,おさん,giving birth,n1
押し切る,おしきる,to have one's own way,n1
押し込む,おしこむ,"to push into, to crowd into",n1
惜しむ,おしむ,"to be frugal, to value, to regret",n1
押し寄せる,おしよせる,"to push aside, to advance on",n1
雄,おす,male animal,n1
御世辞,おせじ,"flattery, compliment",n1
襲う,おそう,to attack,n1
遅くとも,おそくとも,at the latest,n1
恐れ,おそれ,"fear, horror",n1
恐れ入る,おそれいる,"to be filled with awe, to feel small",n1
落ち込む,おちこむ,to get depressed,n1
落ち着き,おちつき,"calm, composure",n1
落葉,おちば,fallen leaves,n1
乙,おつ,2nd in rank,n1
お使い,おつかい,errand,n1
お手上げ,おてあげ,"given in, given up hope",n1
脅す,おどす,"to threaten, to menace",n1
訪れる,おとずれる,to visit,n1
お供,おとも,"attendant, companion",n1
衰える,おとろえる,"to become weak, to decline",n1
同い年,おないどし,of the same age,n1
自ずから,おのずから,"naturally, as a matter of course",n1
怯える,おびえる,to become frightened,n1
脅かす,おびやかす,"to threaten, to coerce",n1
帯びる,おびる,"to bear, to carry, to be entrusted",n1
お袋,おふくろ,mother,n1
覚え,おぼえ,"memory, sense, experience",n1
お宮,おみや,Shinto shrine,n1
思い付き,おもいつき,"plan, idea, suggestion",n1
趣,おもむき,"flavor, appearance, quaint",n1
赴く,おもむく,"to go, to proceed",n1
重んじる,おもんじる,"to respect, to honor, to esteem, to prize",n1
重んずる,おもんずる,"to honor, to respect, to value",n1
親父,おやじ,"one's father, old man, one's boss",n1
及び,および,"and, as well as",n1
及ぶ,およぶ,"to reach, to extend",n1
折,おり,"chance, occasion",n1
檻,おり,"cage, pen, jail cell",n1
折り返す,おりかえす,"to turn up, to fold back",n1
織物,おりもの,"textile, fabric",n1
俺,おれ,I ego boastful firstperson pronoun,n1
愚か,おろか,"foolish, stupid",n1
温和,おんわ,"gentle, mild, moderate",n1
我,が,ego,n1
～界,かい,"world, circle, kingdom",n1
～街,がい,town,n1
改悪,かいあく,"deterioration, changing for the worse",n1
海運,かいうん,marine transportation,n1
外貨,がいか,foreign money,n1
改革,かいかく,"reform, reformation, innovation",n1
貝殻,かいがら,shell,n1
外観,がいかん,"appearance, exterior, facade",n1
階級,かいきゅう,"class, rank, grade",n1
海峡,かいきょう,channel,n1
会見,かいけん,"interview, conference",n1
介護,かいご,nursing,n1
開催,かいさい,"holding a meeting, open an exhibition",n1
回収,かいしゅう,"collection, recovery",n1
改修,かいしゅう,"repair, improvement",n1
怪獣,かいじゅう,monster,n1
解除,かいじょ,"cancellation, release, cancel",n1
外相,がいしょう,Foreign Minister,n1
害する,がいする,"to harm, to offend",n1
概説,がいせつ,"general statement, outline",n1
回送,かいそう,forwarding,n1
階層,かいそう,"class, level, stratum, hierarchy",n1
開拓,かいたく,"cultivation, pioneer",n1
会談,かいだん,"conversation, interview",n1
改定,かいてい,reform,n1
改訂,かいてい,revision,n1
街道,かいどう,highway,n1
該当,がいとう,"corresponding, answering to, coming under",n1
街頭,がいとう,in the street,n1
介入,かいにゅう,intervention,n1
概念,がいねん,"general idea, concept, notion",n1
開発,かいはつ,"development, exploitation",n1
海抜,かいばつ,height above sea level,n1
介抱,かいほう,"nursing, looking after",n1
解剖,かいぼう,"dissection, autopsy",n1
外来,がいらい,"abbr imported, outpatient clinic",n1
回覧,かいらん,circulation,n1
概略,がいりゃく,"outline, summary, gist",n1
海流,かいりゅう,ocean current,n1
改良,かいりょう,"improvement, reform",n1
回路,かいろ,circuit electric,n1
海路,かいろ,sea route,n1
省みる,かえりみる,to reflect,n1
顧みる,かえりみる,"to look back, to turn around, to review",n1
顔付き,かおつき,facial expression,n1
課外,かがい,extracurricular,n1
掲げる,かかげる,"to hoist, to fly a sail, to float a flag",n1
書き取る,かきとる,"to write down, to take dictation",n1
掻き回す,かきまわす,"to stir up, to churn, to disturb",n1
～画,かく, strokes,n1
学芸,がくげい,"arts and sciences, liberal arts",n1
格差,かくさ,"difference, disparity",n1
拡散,かくさん,"scattering, diffusion",n1
学士,がくし,university graduate,n1
各種,かくしゅ,"every kind, all sorts",n1
隔週,かくしゅう,every other week,n1
確信,かくしん,"conviction, confidence",n1
革新,かくしん,"reform, innovation",n1
学説,がくせつ,theory,n1
確定,かくてい,"fixed, decision",n1
獲得,かくとく,"acquisition, possession",n1
楽譜,がくふ,"score music, sheet music",n1
確保,かくほ,"guarantee, insure, secure",n1
革命,かくめい,revolution,n1
確立,かくりつ,establishment,n1
賭,かけ,"betting, gambling, a gamble",n1
掛～,かけ,credit,n1
～掛け,かけ,"rack, hanger",n1
崖,がけ,cliff,n1
駆け足,かけあし,"running fast, double time",n1
家計,かけい,"household economy, family finances",n1
駆けっこ,かけっこ,foot race,n1
加工,かこう,"manufacturing, processing, treatment",n1
化合,かごう,chemical combination,n1
箇条書,かじょうがき,"itemized form, itemization",n1
頭,かしら,"head, chief",n1
微か,かすか,"faint, dim, weak",n1
霞む,かすむ,"to grow hazy, to be misty",n1
擦る,かする,"to rub, to chafe",n1
火星,かせい,Mars,n1
化石,かせき,"fossil, petrifaction, fossilization",n1
河川,かせん,rivers,n1
化繊,かせん,synthetic fibers,n1
過疎,かそ,depopulation,n1
片～,かた,single ,n1
片言,かたこと,"broken in reference to speaking style, eg, Japanese",n1
傾ける,かたむける,"to incline, to tilt, to bend",n1
固める,かためる,"to harden, to freeze, to fortify",n1
傍ら,かたわら,"besides, while, nearby",n1
花壇,かだん,flower bed,n1
家畜,かちく,"domestic animals, livestock, cattle",n1
且つ,かつ,"yet, and",n1
合唱,がっしょう,"chorus, singing in a chorus",n1
合致,がっち,"agreement, concurrence, conforming to",n1
勝手,かって,"kitchen one's way, selfishness",n1
活発,かっぱつ,"vigor, active",n1
合併,がっぺい,"combination, amalgamation, merger",n1
叶う,かなう,to come true,n1
叶える,かなえる,"to grant request, wish",n1
金槌,かなづち,iron hammer,n1
加入,かにゅう,"becoming a member, admission",n1
予て,かねて,"previously, already, lately",n1
庇う,かばう,"to protect someone, to&nbsp&nbspcover up for someone",n1
株式,かぶしき,stock,n1
花粉,かふん,pollen,n1
貨幣,かへい,"money, currency, coinage",n1
構える,かまえる,to set up,n1
過密,かみつ,crowded,n1
噛み切る,かみきる,"to bite off, to gnaw through",n1
粥,かゆ,rice porridge,n1
体付き,からだつき,"body build, figure",n1
絡む,からむ,"to entangle, to entwine",n1
過労,かろう,"overwork, strain",n1
交す,かわす,to exchange,n1
代る代る,かわるがわる,alternately,n1
簡易,かんい,"simplicity, easiness, quasi",n1
灌漑,かんがい,irrigation,n1
眼科,がんか,ophthalmology,n1
眼球,がんきゅう,eyeball,n1
玩具,がんぐ,toy,n1
簡潔,かんけつ,"brevity, concise, simple",n1
還元,かんげん,"resolution, reduction, return",n1
看護,かんご,nursing,n1
漢語,かんご,"Chinese word, SinoJapanese word",n1
頑固,がんこ,"stubbornness, obstinacy",n1
勧告,かんこく,"advice, counsel",n1
換算,かんさん,"conversion, change, exchange",n1
監視,かんし,"observation, guarding, surveillance",n1
慣習,かんしゅう,usual historical custom,n1
観衆,かんしゅう,"spectators, audience",n1
願書,がんしょ,application form,n1
干渉,かんしょう,"interference, intervention",n1
頑丈,がんじょう,"solid, firm, strong",n1
感触,かんしょく,"sense of touch, feeling, sensation",n1
肝心,かんじん,"essential, fundamental, crucial",n1
肝腎,かんじん,"essential, fundamental, crucial",n1
関税,かんぜい,"customs, duty, tariff",n1
岩石,がんせき,rock,n1
感染,かんせん,"infection, contagion",n1
幹線,かんせん,"main line, trunk line",n1
簡素,かんそ,"simplicity, plain",n1
観点,かんてん,point of view,n1
感度,かんど,"sensitivity, severity quake",n1
元年,がんねん,first year of a specific reign,n1
幹部,かんぶ,"management, executive",n1
完ぺき,かんぺき,"perfection, completeness, flawless",n1
勘弁,かんべん,"pardon, forgiveness, forbearance",n1
感無量,かんむりょう,"deep feeling, filled with emotion",n1
勧誘,かんゆう,"invitation, canvassing, inducement",n1
関与,かんよ,"participation, taking part in",n1
寛容,かんよう,"forbearance, tolerance, generosity, involvement",n1
元来,がんらい,"originally, naturally",n1
観覧,かんらん,viewing,n1
慣例,かんれい,"custom, precedent, of convention",n1
還暦,かんれき,60th birthday,n1
貫禄,かんろく,"presence, dignity",n1
緩和,かんわ,"relief, mitigation",n1
議案,ぎあん,legislative bill,n1
危害,きがい,"injury, harm, danger",n1
企画,きかく,"planning, project",n1
規格,きかく,"standard, norm",n1
着飾る,きかざる,to dress up,n1
気兼ね,きがね,"hesitance, diffidence, feeling constraint",n1
気軽,きがる,"cheerful, buoyant, lighthearted",n1
危機,きき,crisis,n1
聞き取り,ききとり,listening comprehension,n1
効き目,ききめ,"effect, virtue, efficacy",n1
帰京,ききょう,returning to Tokyo,n1
戯曲,ぎきょく,"play, drama",n1
基金,ききん,"fund, foundation",n1
喜劇,きげき,"comedy, funny show",n1
議決,ぎけつ,"resolution, decision, vote",n1
棄権,きけん,"abstain from voting, renunciation of a right",n1
既婚,きこん,married,n1
気障,きざ,"affectation, conceit, snobbery",n1
記載,きさい,"mention, entry",n1
兆,きざし,"sign, omen, indication",n1
気質,きしつ,"character, trait, temperament",n1
期日,きじつ,"fixed date, settlement date",n1
議事堂,ぎじどう,Diet building,n1
記述,きじゅつ,"describing, descriptor",n1
気象,きしょう,"weather, climate",n1
傷付く,きずつく,"to be hurt, to be wounded, to get injured",n1
傷付ける,きずつける,"to wound, to hurt someone's feelings",n1
犠牲,ぎせい,sacrifice,n1
汽船,きせん,steamship,n1
寄贈,きぞう,"donation, presentation",n1
偽造,ぎぞう,"forgery, fabrication, counterfeiting",n1
貴族,きぞく,"noble, aristocrat",n1
議題,ぎだい,"topic of discussion, agenda",n1
鍛える,きたえる,"to forge, to train, to discipline",n1
気立て,きだて,"goodnatured, kindhearted",n1
来る,きたる,"to come, to approach,",n1
几帳面,きちょうめん,"methodical, punctual, steady",n1
規定,きてい,"regulation, provisions",n1
起点,きてん,starting point,n1
軌道,きどう,orbit track,n1
技能,ぎのう,"technical skill, ability, capacity",n1
規範,きはん,"model, standard, example",n1
気品,きひん,"grace, elegance",n1
気風,きふう,"character, traits, ethos",n1
起伏,きふく,undulation,n1
規模,きぼ,"scale, scope, plan, structure",n1
気まぐれ,きまぐれ,"whim, caprice, uneven temper",n1
生真面目,きまじめ,"serious, sincerity",n1
期末,きまつ,end of the season or term,n1
記名,きめい,"signature, register",n1
規約,きやく,"agreement, rules, code",n1
脚色,きゃくしょく,"dramatization eg, film",n1
逆転,ぎゃくてん,"sudden change, reversal, turnaround",n1
脚本,きゃくほん,scenario,n1
華奢,きゃしゃ,"delicate, slender",n1
客観,きゃっかん,objective,n1
救援,きゅうえん,"relief, rescue, reinforcement",n1
休学,きゅうがく,"temporary absence from school, suspension",n1
究極,きゅうきょく,"ultimate, final, eventual",n1
窮屈,きゅうくつ,"narrow, tight, formal",n1
球根,きゅうこん,plant bulb,n1
救済,きゅうさい,"relief, aid, rescue",n1
給仕,きゅうじ,waiter,n1
給食,きゅうしょく,"school lunch, providing a meal",n1
休戦,きゅうせん,"truce, armistice",n1
宮殿,きゅうでん,palace,n1
旧知,きゅうち,"old friend, old friendship",n1
窮乏,きゅうぼう,poverty,n1
寄与,きよ,"contribution, service",n1
強,きょう,strong,n1
～狂,きょう,"maniac, fan, freak",n1
驚異,きょうい,"wonder, miracle",n1
教科,きょうか,"subject, curriculum",n1
協会,きょうかい,"association, society, organization",n1
共学,きょうがく,coeducation,n1
共感,きょうかん,"sympathy, response",n1
境遇,きょうぐう,"environment, circumstances",n1
教訓,きょうくん,"lesson, precept, moral instruction",n1
強行,きょうこう,"forcing, enforcement",n1
強硬,きょうこう,"firm, vigorous, stubborn",n1
教材,きょうざい,teaching materials,n1
凶作,きょうさく,"bad harvest, poor crop",n1
業者,ぎょうしゃ,"trader, merchant",n1
教習,きょうしゅう,"training, instruction",n1
郷愁,きょうしゅう,"nostalgia, homesickness",n1
教職,きょうしょく,teaching profession,n1
興じる,きょうじる,"to amuse oneself, to make merry",n1
強制,きょうせい,"obligation, compulsion, enforcement",n1
行政,ぎょうせい,administration,n1
業績,ぎょうせき,"achievement, work, contribution",n1
共存,きょうぞん,coexistence,n1
協定,きょうてい,"arrangement, pact, agreement",n1
郷土,きょうど,homeland,n1
脅迫,きょうはく,"threat, coercion",n1
業務,ぎょうむ,"business, duties, work",n1
共鳴,きょうめい,"resonance, sympathy",n1
郷里,きょうり,"birthplace, home town",n1
強烈,きょうれつ,"strong, intense, severe",n1
共和,きょうわ,"republicanism, cooperation",n1
局限,きょくげん,"limit, localize",n1
極端,きょくたん,"extreme, extremity",n1
居住,きょじゅう,residence,n1
拒絶,きょぜつ,"refusal, rejection",n1
漁船,ぎょせん,fishing boat,n1
漁村,ぎょそん,fishing village,n1
拒否,きょひ,"denial, rejection, refusal",n1
許容,きょよう,"permission, pardon",n1
清らか,きよらか,"clean, pure, chaste",n1
義理,ぎり,"debt of gratitude, obligation",n1
切替,きりかえ,"exchange, conversion, switchover",n1
気流,きりゅう,atmospheric current,n1
切れ目,きれめ,"break, pause, gap",n1
疑惑,ぎわく,"doubt, misgivings, suspicion",n1
極めて,きわめて,"exceedingly, extremely written expression",n1
近眼,きんがん,nearsightedness,n1
緊急,きんきゅう,"urgent, pressing, emergency",n1
近郊,きんこう,"suburbs, outskirts",n1
均衡,きんこう,"equilibrium, balance",n1
禁じる,きんじる,to prohibit,n1
勤勉,きんべん,"industry, diligence",n1
吟味,ぎんみ,"examination, careful investigation",n1
勤務,きんむ,"service, duty, work",n1
禁物,きんもつ,"taboo, forbidden thing",n1
勤労,きんろう,"labor, exertion, diligent service",n1
食い違う,くいちがう,"to cross each other, to differ",n1
空間,くうかん,"space, room, airspace",n1
空腹,くうふく,hunger,n1
区画,くかく,"division, section, area",n1
区間,くかん,section,n1
茎,くき,stalk,n1
区切り,くぎり,"an end, a stop, punctuation",n1
愚痴,ぐち,"idle complaint, grumble",n1
口吟む,くちずさむ,to humble,n1
嘴,くちばし,"beak, bill",n1
朽ちる,くちる,to rot,n1
覆す,くつがえす,"to overturn, to upset, to overthrow",n1
屈折,くっせつ,"bending, indentation, refraction",n1
首飾り,くびかざり,necklace,n1
首輪,くびわ,"necklace, choker",n1
組み込む,くみこむ,"to insert, to include, to cut in printing",n1
組み合わせる,くみあわせる,"to join together, to combine, to join up",n1
蔵,くら,"warehouse, cellar",n1
玄人,くろうと,"expert, professional",n1
黒字,くろじ,balance figure in the black,n1
軍艦,ぐんかん,"warship, battleship",n1
軍事,ぐんじ,military affairs,n1
君主,くんしゅ,"ruler, monarch",n1
群集,ぐんしゅう,"social group, crowd, mob",n1
群衆,ぐんしゅう,"social group, crowd, mob",n1
軍備,ぐんび,"armaments, military preparations",n1
軍服,ぐんぷく,military or naval uniform,n1
芸,げい,"art, accomplishment, performance",n1
経過,けいか,"passage, progress",n1
軽快,けいかい,"lively, casual, light",n1
警戒,けいかい,"warning, admonition, vigilance",n1
敬具,けいぐ,Sincerely used at the end of letter,n1
軽減,けいげん,"reduction, lessening",n1
掲載,けいさい,"appearance eg, article in paper",n1
傾斜,けいしゃ,"inclination, slope, dip",n1
形成,けいせい,formation,n1
形勢,けいせい,"condition, situation, prospects",n1
軽率,けいそつ,"thoughtless, careless, hasty",n1
刑罰,けいばつ,"judgment, penalty, punishment",n1
経費,けいひ,"expenses, cost, outlay",n1
警部,けいぶ,police inspector,n1
転換,てんかん,"convert, divert",n1
転居,てんきょ,"moving, changing residence",n1
転勤,てんきん,transfer to another office of a company,n1
点検,てんけん,"inspection, examination, checking",n1
電源,でんげん,"source of electricity, power eg, button on TV",n1
天国,てんごく,"paradise, heaven, Kingdom of Heaven",n1
天才,てんさい,a genius,n1
天災,てんさい,"natural calamity, disaster",n1
展示,てんじ,"exhibition, display",n1
伝説,でんせつ,"tradition, legend, folklore",n1
点線,てんせん,dotted line,n1
転じる,てんじる,"to turn, to shift",n1
転ずる,てんずる,"to turn, to shift",n1
天体,てんたい,heavenly body,n1
伝達,でんたつ,"transmission eg, news, communication, delivery",n1
天地,てんち,"heaven and earth, the universe",n1
転任,てんにん,change of post,n1
展望,てんぼう,"view, outlook, prospect",n1
伝来,でんらい,"ancestral, hereditary, imported",n1
転落,てんらく,"fall, degradation",n1
問い合わせる,といあわせる,"to inquire, to seek information",n1
当～,とう,"Our  eg, Hotel, plane, etc",n1
胴,どう,"trunk, body, frame",n1
同意,どうい,"agreement, consent same meaning",n1
動員,どういん,mobilization,n1
同感,どうかん,"agreement, same opinion, same feeling",n1
陶器,とうき,"pottery, ceramics",n1
討議,とうぎ,"debate, discussion",n1
動機,どうき,"motive, incentive",n1
等級,とうきゅう,"grade, class",n1
同級,どうきゅう,"the same grade, same class",n1
同居,どうきょ,living together,n1
登校,とうこう,attendance at school,n1
統合,とうごう,"integration, unification, synthesis",n1
動向,どうこう,"trend, tendency, movement, attitude",n1
投資,とうし,investment,n1
同情,どうじょう,"sympathy, compassion, sympathize",n1
道場,どうじょう,"arch dojo, hall used for martial arts training, mandala",n1
統制,とうせい,"regulation, control",n1
当選,とうせん,"being elected, winning the prize",n1
逃走,とうそう,"flight, desertion, escape",n1
統率,とうそつ,"command, generalship, leadership",n1
到達,とうたつ,"reaching, attaining, arrival",n1
統治,とうち,"rule, reign, governing",n1
仕切る,しきる,"to partition, to divide, to mark off",n1
資金,しきん,"funds, capital",n1
軸,じく,"axis, stem, shaft",n1
仕組,しくみ,"structure, mechanism",n1
死刑,しけい,death penalty,n1
湿気る,しける,"to be damp, to be moist",n1
施行,しこう,"enforcement, operation",n1
思考,しこう,thought,n1
志向,しこう,"intention, aim",n1
嗜好,しこう,"taste, liking, preference",n1
事項,じこう,"matters, items, facts",n1
時刻表,じこくひょう,"timetable, train schedule",n1
地獄,じごく,hell,n1
時差,じさ,time difference,n1
自在,じざい,"freely, at will",n1
視察,しさつ,"inspection, observation",n1
資産,しさん,"property, fortune, assets",n1
支持,しじ,support,n1
自主,じしゅ,"independence, autonomy",n1
自首,じしゅ,"surrender, give oneself up",n1
刺繍,ししゅう,embroidery,n1
市場,しじょう,the market as a concept,n1
辞職,じしょく,resignation,n1
雫,しずく,drop of water,n1
沈める,しずめる,"to sink, to submerge",n1
施設,しせつ,"establishment, facility",n1
事前,じぜん,"prior, beforehand, in advance",n1
子息,しそく,hon son,n1
持続,じぞく,"continuation, endurance",n1
自尊心,じそんしん,"selfrespect, conceit",n1
慕う,したう,to yearn to adore,n1
下心,したごころ,"secret intention, motive",n1
下地,したじ,"groundwork, foundation",n1
親しむ,したしむ,"to be intimate with, to befriend",n1
下調べ,したしらべ,preliminary investigation,n1
愛想,あいそう,sociability,n1
間柄,あいだがら,relationship,n1
合間,あいま,interval,n1
敢えて,あえて,"dare to do, venture to do, challenge to do",n1
仰ぐ,あおぐ,"to look up to, to respect to ask for",n1
垢,あか,"dirt, filth",n1
赤字,あかじ,"deficit, go in the red",n1
明かす,あかす,to reveal to stay up,n1
赤らむ,あからむ,"to become red, to blush",n1
上がり,あがり,"ascent income completion, stop",n1
諦め,あきらめ,"resignation, reconciliation, consolation",n1
顎,あご,chin,n1
憧れ,あこがれ,"yearning, longing, aspiration",n1
麻,あさ,hemp,n1
浅ましい,あさましい,"shameful, mean, despicable",n1
欺く,あざむく,to deceive,n1
鮮やか,あざやか,"vivid, clear",n1
嘲笑う,あざわらう,"to sneer at, to ridicule",n1
悪しからず,あしからず,"don't take me wrong, but, I'm sorry",n1
味わい,あじわい,"flavor, relish",n1
焦る,あせる,"to be in a hurry, to be impatient",n1
値,あたい,"value, price, worth",n1
値する,あたいする,"to be worth, to deserve",n1
悪化,あっか,"deterioration, worsen",n1
扱い,あつかい,"treatment, service",n1
呆気ない,あっけない,"not enough, too quick short, long, etc",n1
斡旋,あっせん,"kind offices, mediation",n1
圧倒,あっとう,"overwhelm, overpower",n1
圧迫,あっぱく,"pressure, coercion, oppression",n1
圧力,あつりょく,"stress, pressure",n1
当て,あて,expectations depend,n1
～宛,あて,"for…eg, In a letter",n1
当て字,あてじ,"phoneticequivalent character, substitute character",n1
跡継ぎ,あとつぎ,"heir, successor",n1
後回し,あとまわし,"putting off, postponing",n1
油絵,あぶらえ,oil painting,n1
甘える,あまえる,"to behave like a spoiled child, to fawn on",n1
雨具,あまぐ,rain gear,n1
甘口,あまくち,sweet flavor,n1
網,あみ,net,n1
操る,あやつる,"to manipulate, to operate, to pull strings",n1
危ぶむ,あやぶむ,"to fear, to have misgivings, to be doubtful",n1
過ち,あやまち,"fault, error, indiscretion",n1
誤る,あやまる,to make a mistake,n1
歩み,あゆみ,"step, progress, history",n1
歩む,あゆむ,to walk,n1
予め,あらかじめ,"in advance, previously",n1
荒らす,あらす,to damage to invade,n1
争い,あらそい,"dispute, quarrel, conflict",n1
改まる,あらたまる,to be renewed to be formal,n1
荒っぽい,あらっぽい,"rough, rude",n1
霰,あられ,"hail eg, falling ice balls",n1
有り様,ありさま,"state, condition",n1
合わす,あわす,"to join together, to face, to unite",n1
～合せ,あわせ,in all,n1
暗殺,あんさつ,assassination,n1
暗算,あんざん,mental arithmetic,n1
暗示,あんじ,"hint, suggestion",n1
案じる,あんじる,"to be anxious, to ponder",n1
安静,あんせい,rest,n1
案の定,あんのじょう,"sure enough, as usual",n1
いい加減,いいかげん,"random, irresponsible",n1
言い訳,いいわけ,"excuse, explanation",n1
家出,いえで,running away from home,n1
生かす,いかす,to keep something alive to make use of,n1
異議,いぎ,"objection, dissent, protest",n1
生き甲斐,いきがい,"something one lives for, very important",n1
行き違い,いきちがい,"misunderstanding, disagreement",n1
意気込む,いきごむ,to be enthusiastic about,n1
育成,いくせい,"rearing, training, cultivation",n1
幾多,いくた,"many, numerous",n1
"(花を〜) 生ける, 活ける",はなを いける,to arrange flowers,n1
異見,いけん,"different opinion, objection",n1
意向,いこう,"intention, idea, inclination",n1
移行,いこう,switching over to,n1
移住,いじゅう,"migration, immigration",n1
衣装,いしょう,"clothing, costume, outfit",n1
異性,いせい,the opposite sex,n1
遺跡,いせき,historic ruins,n1
依存,いぞん,"dependence, dependent, reliance",n1
委託,いたく,"consign goods for sale to a firm, entrust",n1
出世,しゅっせ,"promotion, successful career, eminence",n1
出題,しゅつだい,proposing a question,n1
出動,しゅつどう,"mobilization, action",n1
出費,しゅっぴ,"expenses, disbursements",n1
出品,しゅっぴん,"exhibit, display",n1
主導,しゅどう,main leadership,n1
主任,しゅにん,"person in charge, responsible official",n1
首脳,しゅのう,"head, leader",n1
守備,しゅび,defense,n1
手法,しゅほう,technique,n1
樹木,じゅもく,"trees and shrubs, arbor",n1
樹立,じゅりつ,"establish, create",n1
準急,じゅんきゅう,"local express train, slower than an express",n1
準じる,じゅんじる,"to follow, to conform, to apply to",n1
～署,しょ,department,n1
～症,しょう,disease,n1
～証,しょう,"proof, certificate",n1
～嬢,じょう,young woman,n1
上位,じょうい,"superior, higher order",n1
上演,じょうえん,art performance,n1
城下,じょうか,land near the castle,n1
消去,しょうきょ,"elimination, erasing",n1
上空,じょうくう,"sky, highaltitude sky, upper air",n1
衝撃,しょうげき,"shock, crash, impact, ballistic",n1
証言,しょうげん,"evidence, testimony",n1
証拠,しょうこ,"evidence, proof",n1
照合,しょうごう,"check, verification",n1
詳細,しょうさい,"detail, particulars",n1
上昇,じょうしょう,"rising, ascending, climbing",n1
昇進,しょうしん,promotion,n1
称する,しょうする,"to take the name of, to call oneself",n1
情勢,じょうせい,"state of things, condition, situation",n1
消息,しょうそく,"news, letter, circumstances",n1
承諾,しょうだく,"consent, agreement",n1
情緒,じょうちょ,"emotion, feeling",n1
象徴,しょうちょう,symbol,n1
小児科,しょうにか,pediatrics,n1
使用人,しようにん,"employee, servant",n1
情熱,じょうねつ,"passion, enthusiasm, zeal",n1
譲歩,じょうほ,"concession, conciliation, compromise",n1
条約,じょうやく,"treaty, pact",n1
勝利,しょうり,"victory, triumph, win",n1
上陸,じょうりく,"landing, disembarkation",n1
蒸溜,じょうりゅう,distillation,n1
奨励,しょうれい,"encouragement, promotion",n1
除外,じょがい,"exception, exclusion",n1
職員,しょくいん,"staff member, personnel",n1
植民地,しょくみんち,colony,n1
職務,しょくむ,professional duties,n1
諸君,しょくん,"Gentlemen!, Ladies!",n1
助言,じょげん,"advice, suggestion",n1
徐行,じょこう,going slowly,n1
所在,しょざい,whereabouts,n1
所持,しょじ,"possession, owning",n1
所属,しょぞく,"attached to, belong to",n1
処置,しょち,treatment,n1
所定,しょてい,"fixed, prescribed",n1
所得,しょとく,income,n1
処罰,しょばつ,punishment,n1
初版,しょはん,first edition,n1
書評,しょひょう,book review,n1
処分,しょぶん,"disposal, dealing, punishment",n1
庶民,しょみん,"masses, common people",n1
庶務,しょむ,general affairs,n1
所有,しょゆう,"one's possessions, ownership",n1
調べ,しらべ,"investigation, inspection",n1
自立,じりつ,"independence, selfreliance",n1
記す,しるす,"to note, to write down",n1
指令,しれい,"orders, instructions, directive",n1
～心,しん,mind of ,n1
陣,じん,"battle formation, camp, encampment",n1
進化,しんか,"evolution, progress",n1
人格,じんかく,"personality, character",n1
審議,しんぎ,deliberation,n1
新婚,しんこん,newlywed,n1
審査,しんさ,"judging, inspection, examination",n1
人材,じんざい,man of talent,n1
紳士,しんし,gentleman,n1
真実,しんじつ,"truth, reality",n1
信者,しんじゃ,"believer, devotee",n1
真珠,しんじゅ,pearl,n1
進出,しんしゅつ,advancement,n1
心情,しんじょう,mentality,n1
新人,しんじん,"new face, newcomer",n1
神聖,しんせい,"holiness, sacredness, dignity",n1
親善,しんぜん,friendship,n1
真相,しんそう,"truth, real situation",n1
迅速,じんそく,"quick, fast, prompt",n1
人体,じんたい,human body,n1
新築,しんちく,"new building, new construction",n1
心中,しんじゅう,double suicide,n1
進呈,しんてい,presentation,n1
進展,しんてん,"progress, development",n1
神殿,しんでん,"temple, sacred place",n1
進度,しんど,progress,n1
振動,しんどう,"oscillation, vibration",n1
新入生,しんにゅうせい,"new student, firstyear student, freshman",n1
信任,しんにん,"trust, confidence, credence",n1
神秘,しんぴ,mystery,n1
辛抱,しんぼう,"patience, endurance",n1
人民,じんみん,"people, public",n1
侵略,しんりゃく,"aggression, invasion, raid",n1
診療,しんりょう,medical examination and treatment,n1
粋,すい,essence,n1
水源,すいげん,source of river,n1
推進,すいしん,"propulsion, driving force",n1
吹奏,すいそう,playing wind instruments,n1
推測,すいそく,"guess, conjecture",n1
水田,すいでん,waterfilled paddy field,n1
推理,すいり,"reasoning, inference, mystery or detective genre",n1
数詞,すうし,numeral,n1
崇拝,すうはい,"worship, adoration",n1
据え付ける,すえつける,"to install, to equip, to mount",n1
据える,すえる,"to set, to lay, to place",n1
救い,すくい,"help, aid, relief",n1
健やか,すこやか,"vigorous, healthy, sound",n1
濯ぐ,すすぐ,"to rinse, to wash out",n1
進み,すすみ,progress,n1
裾,すそ,"trouser cuff, skirt hem, cut edge of a hairdo",n1
素早い,すばやい,"fast, quick",n1
澄ます,すます,"to clear, to make clear, to listen for",n1
清ます,すます,"to clear, to make clear, to listen for",n1
済ます,すます,to finish to settle to do without,n1
擦れる,すれる,"to rub, to chafe",n1
生育,せいいく,"growth, development, breeding",n1
成育,せいいく,"growth, raising",n1
成果,せいか,"results, fruits",n1
正解,せいかい,"correct, right answer, solution",n1
正義,せいぎ,"justice, right, righteousness",n1
生計,せいけい,"livelihood, living",n1
政権,せいけん,"political administration, political power",n1
星座,せいざ,constellation,n1
制裁,せいさい,"restraint, sanctions, punishment",n1
政策,せいさく,"political measures, policy",n1
生死,せいし,life and death,n1
静止,せいし,"stillness, repose, standing still",n1
誠実,せいじつ,"sincere, honest, faithful",n1
成熟,せいじゅく,"maturity, ripeness",n1
青春,せいしゅん,"youth, springtime of life, adolescent",n1
清純,せいじゅん,"purity, innocence",n1
聖書,せいしょ,Bible,n1
正常,せいじょう,"normalcy, normality, normal",n1
制する,せいする,"to control, to command",n1
整然,せいぜん,"orderly, regular, wellorganized",n1
盛装,せいそう,"be dressed up, wear rich clothes",n1
盛大,せいだい,"grand, prosperous, magnificent",n1
清濁,せいだく,"good and evil, purity and impurity",n1
制定,せいてい,"enactment, establishment, creation",n1
静的,せいてき,static,n1
製鉄,せいてつ,iron manufacture,n1
晴天,せいてん,fine weather,n1
正当,せいとう,"just, due, proper",n1
制服,せいふく,uniform,n1
征服,せいふく,"conquest, subjugation, overcoming",n1
製法,せいほう,"manufacturing method, recipe, formula",n1
精密,せいみつ,"precise, exact, detailed, minute",n1
税務署,ぜいむしょ,tax office,n1
制約,せいやく,"limitation, constraints",n1
勢力,せいりょく,"influence, power, might, strength",n1
整列,せいれつ,"stand in a row, form a line",n1
急かす,せかす,"to hurry, to urge on",n1
伜,せがれ,"son, my son",n1
責務,せきむ,"duty, obligation",n1
世辞,せじ,"flattery, compliment",n1
世帯,せたい,household,n1
是正,ぜせい,"correction, revision",n1
世代,せだい,generation,n1
切開,せっかい,"opening up, cutting through",n1
切実,せつじつ,"compelling, serious, severe, acute",n1
接触,せっしょく,"touch, contact",n1
接続詞,せつぞくし,conjunction,n1
設置,せっち,"establishment, institution",n1
折衷,せっちゅう,"compromise, cross, blending, eclecticism",n1
設定,せってい,"establishment, creation",n1
説得,せっとく,persuasion,n1
切ない,せつない,"painful, trying, sad",n1
絶版,ぜっぱん,out of print,n1
設立,せつりつ,"establishment, foundation, institution",n1
攻め,せめ,"attack, offense",n1
世論,せろん,public opinion,n1
先,せん,"priority, precedence, previous",n1
繊維,せんい,"fiber, fiber, textile",n1
全快,ぜんかい,complete recovery of health,n1
宣教,せんきょう,religious mission,n1
宣言,せんげん,"declaration, proclamation, announcement",n1
戦災,せんさい,war damage,n1
専修,せんしゅう,specialization,n1
戦術,せんじゅつ,tactics,n1
潜水,せんすい,diving,n1
全盛,ぜんせい,height of prosperity,n1
先代,せんだい,"family predecessor, previous age, previous generation",n1
先だって,せんだって,"recently, the other day",n1
先着,せんちゃく,first arrival,n1
前提,ぜんてい,"preamble, premise, prerequisite",n1
先天的,せんてんてき,"inherent, congenital, hereditary",n1
前途,ぜんと,"future prospects, outlook, the journey ahead",n1
戦闘,せんとう,"battle, fight, combat",n1
潜入,せんにゅう,"infiltration, sneaking in",n1
船舶,せんぱく,ship,n1
全滅,ぜんめつ,annihilation,n1
専用,せんよう,"exclusive use, personal use",n1
占領,せんりょう,"occupation, possession, have a room to oneself",n1
善良,ぜんりょう,"goodness, excellence, virtue",n1
戦力,せんりょく,war potential,n1
前例,ぜんれい,precedent,n1
相応,そうおう,"suitability, fitness",n1
総会,そうかい,general meeting,n1
創刊,そうかん,"launching eg, newspaper, first issue",n1
雑木,ぞうき,"various kinds of small trees, assorted trees",n1
早急,そうきゅう,urgent,n1
増強,ぞうきょう,"reinforce, increase",n1
送金,そうきん,"remittance, sending money",n1
走行,そうこう,"running a wheeled vehicle eg, car, traveling",n1
総合,そうごう,"synthesis, generalization",n1
捜索,そうさく,"search esp for someone or something missing, investigation",n1
蔵相,ぞうしょう,Minister of Finance,n1
装飾,そうしょく,ornament,n1
増進,ぞうしん,"promoting, increase, advance",n1
相対,そうたい,relative,n1
壮大,そうだい,"magnificent, grand, majestic",n1
騒動,そうどう,"strife, riot, rebellion",n1
遭難,そうなん,"disaster, shipwreck, accident",n1
相場,そうば,"market price, speculation, estimation",n1
装備,そうび,equipment,n1
創立,そうりつ,"establishment, founding",n1
添える,そえる,"to add to, to attach, to accompany",n1
即座に,そくざに,"immediately, right away",n1
促進,そくしん,"promotion, acceleration, encouragement",n1
即する,そくする,"to conform to, to agree with, to be adapted to,",n1
束縛,そくばく,"restraint, restriction, confinement",n1
側面,そくめん,"side, sidelight, lateral",n1
損う,そこなう,"to harm, to hurt",n1
素材,そざい,"raw materials, subject matter",n1
阻止,そし,"obstruction, check, hindrance",n1
訴訟,そしょう,"litigation, lawsuit",n1
育ち,そだち,"breeding, growth",n1
措置,そち,"measure, step",n1
素っ気無い,そっけない,"cold, short, curt, blunt",n1
外方,そっぽ,look or turn the other way,n1
備え付ける,そなえつける,"to provide, to equip, to install",n1
備わる,そなわる,to be furnished with,n1
具わる,そなわる,to be furnished with,n1
聳える,そびえる,"to rise, to tower, to soar",n1
素朴,そぼく,"simplicity, artlessness, naivety",n1
背く,そむく,"to run counter to, to go against",n1
染まる,そまる,to be dyed,n1
染める,そめる,"to dye, to color",n1
反る,そる,"to warp, to be warped, to curve",n1
揃い,そろい,"set, suit, uniform",n1
損失,そんしつ,loss,n1
存続,そんぞく,"duration, continuance",n1
対応,たいおう,dealing with,n1
大家,たいか,"rich family, distinguished family",n1
退化,たいか,"degeneration, retrogression",n1
大概,たいがい,"in general, mainly",n1
体格,たいかく,"physique, constitution",n1
大金,たいきん,large amount of money,n1
待遇,たいぐう,"treatment, reception",n1
対決,たいけつ,"confrontation, showdown",n1
体験,たいけん,personal experience,n1
対抗,たいこう,"opposition, antagonism",n1
退治,たいじ,extermination,n1
大衆,たいしゅう,general public,n1
対処,たいしょ,"deal with, cope",n1
退職,たいしょく,retirement from office,n1
題する,だいする,to title,n1
態勢,たいせい,"attitude, conditions, tendency",n1
対談,たいだん,"talk, dialogue",n1
大胆,だいたん,"bold, daring, audacious",n1
対等,たいとう,equivalent,n1
台無し,だいなし,"mess, spoiled, come to nothing",n1
滞納,たいのう,"nonpayment, default",n1
対比,たいひ,"contrast, comparison",n1
大部,たいぶ,"most eg, most part, greater, fairly, a good deal, much",n1
大便,だいべん,feces,n1
代弁,だいべん,speak for another,n1
待望,たいぼう,"longexpected, waiting",n1
台本,だいほん,"libretto, scenario",n1
怠慢,たいまん,"negligence, carelessness",n1
対面,たいめん,"interview, meeting",n1
代用,だいよう,substitution,n1
体力,たいりょく,physical strength,n1
対話,たいわ,"conversation, dialogue",n1
耐える,たえる,"to endure, to put up with",n1
堪える,たえる,"to endure, to put up with",n1
絶える,たえる,"to die out, to become extinct",n1
断える,たえる,"to cease, to become extinct",n1
打開,だかい,"solution, breakthrough",n1
焚火,たきび,open fire,n1
妥協,だきょう,"compromise, giving in",n1
巧み,たくみ,"skill, cleverness",n1
丈,たけ,"length, height",n1
打撃,だげき,"blow, damage batting baseball",n1
妥結,だけつ,agreement,n1
駄作,ださく,poor work,n1
足し算,たしざん,addition,n1
多数決,たすうけつ,majority rule,n1
助け,たすけ,assistance,n1
携わる,たずさわる,"to engage, to involve",n1
漂う,ただよう,"to drift about, to float, to hang in air",n1
立ち去る,たちさる,"to leave, to depart",n1
立ち寄る,たちよる,"to stop by, to drop in for a short visit",n1
抱っこ,だっこ,child's hug,n1
達者,たっしゃ,"skillful, in good health",n1
脱出,だっしゅつ,escape,n1
脱する,だっする,"to escape from, to get out",n1
達成,たっせい,achievement,n1
脱退,だったい,"secession, withdrawal",n1
立て替える,たてかえる,"to pay in advance, to pay for another",n1
建前,たてまえ,position stance one takes in public principle,n1
奉る,たてまつる,"to offer, to do respectfully",n1
他動詞,たどうし,transitive verb direct object,n1
辿り着く,たどりつく,"to reach, to make it somehow",n1
辿る,たどる,"to follow road, to pursue course, to follow up",n1
束ねる,たばねる,"to tie up in a bundle, to control",n1
他方,たほう,"another side, on the other hand",n1
多忙,たぼう,busy,n1
給う,たまう,"to receive, to grant",n1
魂,たましい,"soul, spirit",n1
溜まり,たまり,"collected things, gathering place, arrears",n1
賜る,たまわる,"to grant, to bestow",n1
保つ,たもつ,"to keep, to preserve, to sustain",n1
多様,たよう,"diversity, variety",n1
弛み,たるみ,"slack, slackening",n1
弛む,たるむ,"to slacken, to loosen, to relax",n1
垂れる,たれる,"to hang, to droop to drip",n1
単一,たんいつ,"single, simple, sole",n1
短歌,たんか,31syllable Japanese poem,n1
担架,たんか,"stretcher, litter",n1
短気,たんき,quick temper,n1
団結,だんけつ,"unity, union, solidarity",n1
探検,たんけん,"exploration, expedition",n1
断言,だんげん,"assertion, declaration, affirmation",n1
短縮,たんしゅく,"shortening, abbreviation, reduction",n1
断然,だんぜん,"firmly, absolutely, definitely",n1
炭素,たんそ,carbon C,n1
短大,たんだい,junior college,n1
単調,たんちょう,"monotony, monotone, dullness",n1
単独,たんどく,"sole, single",n1
旦那,だんな,"master of house, husband informal",n1
短波,たんぱ,short wave,n1
蛋白質,たんぱくしつ,protein,n1
断面,だんめん,cross section,n1
弾力,だんりょく,"elasticity, flexibility",n1
治安,ちあん,"public order, security",n1
違える,ちがえる,to change,n1
畜産,ちくさん,animal husbandry,n1
畜生,ちくしょう,"beast, brute, damn",n1
蓄積,ちくせき,"accumulation, accumulate, store",n1
地形,ちけい,"landform, geographical features, topography",n1
知性,ちせい,intelligence,n1
乳,ちち,"milk, breast, loop",n1
縮まる,ちぢまる,"to be shortened, to be contracted, to shrink",n1
秩序,ちつじょ,"order, regularity",n1
窒息,ちっそく,suffocation,n1
知的,ちてき,intellectual,n1
着手,ちゃくしゅ,"embarkation, launch",n1
着色,ちゃくしょく,"coloring, coloring",n1
着席,ちゃくせき,"sit down, seat",n1
着目,ちゃくもく,attention,n1
着陸,ちゃくりく,"landing, touch down",n1
着工,ちゃっこう,start of construction work,n1
茶の間,ちゃのま,living room Japanese style,n1
茶の湯,ちゃのゆ,tea ceremony,n1
宙返り,ちゅうがえり,"somersault, loopingtheloop",n1
中継,ちゅうけい,"relay, hookup",n1
忠告,ちゅうこく,"advice, warning",n1
中傷,ちゅうしょう,"slander, libel, defamation",n1
中枢,ちゅうすう,"center, mainstay, nucleus",n1
抽選,ちゅうせん,"lottery, raffle, drawing of lots",n1
中断,ちゅうだん,"interruption, suspension, break",n1
中毒,ちゅうどく,poisoning,n1
中腹,ちゅうふく,"mountain side, halfway up",n1
中立,ちゅうりつ,neutrality,n1
中和,ちゅうわ,"neutralize, counteract",n1
～著,ちょ,written by ,n1
腸,ちょう,"bowels, intestines",n1
蝶,ちょう,butterfly,n1
超,ちょう,"super, ultra, hyper",n1
調印,ちょういん,"signature, sign, sealing",n1
聴覚,ちょうかく,the sense of hearing,n1
長官,ちょうかん,"chief, government secretary",n1
聴講,ちょうこう,"lecture attendance, auditing",n1
徴収,ちょうしゅう,"collection, levy",n1
聴診器,ちょうしんき,stethoscope,n1
調停,ちょうてい,"arbitration, conciliation, mediation",n1
重複,ちょうふく,"duplication, repetition, overlapping, redundancy, restoration",n1
長編,ちょうへん,"long eg, novel, film",n1
重宝,ちょうほう,"convenient, useful",n1
調理,ちょうり,cooking,n1
調和,ちょうわ,harmony,n1
直面,ちょくめん,confrontation,n1
著書,ちょしょ,"literary work, book",n1
貯蓄,ちょちく,savings,n1
直感,ちょっかん,"intuition, instinct",n1
著名,ちょめい,"wellknown, noted, celebrated",n1
塵,ちり,"dust, dirt",n1
塵取り,ちりとり,dustpan,n1
賃金,ちんぎん,wages,n1
沈殿,ちんでん,"precipitation, deposition, settlement",n1
沈没,ちんぼつ,"sinking, foundering",n1
沈黙,ちんもく,"silence, reticence",n1
陳列,ちんれつ,"exhibition, display, show",n1
追及,ついきゅう,"investigation, inquiry",n1
追跡,ついせき,pursuit,n1
追放,ついほう,"exile, banishment",n1
費やす,ついやす,"to spend, to devote, to waste",n1
墜落,ついらく,"falling, crashing",n1
痛感,つうかん,"feeling keenly, fully realizing",n1
通常,つうじょう,"common, normal, usual",n1
痛切,つうせつ,"keen, deep",n1
杖,つえ,cane,n1
使い道,つかいみち,use,n1
仕える,つかえる,"to serve, to work for",n1
司る,つかさどる,"to rule, to govern, to administer",n1
つかの間,つかのま,"moment, brief time,",n1
月並,つきなみ,"conventional, trite, common",n1
継目,つぎめ,"joint, seam",n1
尽きる,つきる,"to be used up, to be run out",n1
尽くす,つくす,"to exhaust, to run out to devote, to serve",n1
作り,つくり,"make up, structure, physique",n1
造り,つくり,"make up, structure, physique",n1
繕う,つくろう,"to mend, to repair",n1
付け加える,つけくわえる,to add one thing to another,n1
告げる,つげる,to inform,n1
筒,つつ,"pipe, tube",n1
突く,つつく,"to thrust, to strike, to attack to poke, to nudge, to pick at",n1
突っ突く,つっつく,to prompt someone,n1
謹む,つつしむ,"to be careful, to be chaste or discreet",n1
突っ張る,つっぱる,"to support, to become stiff to thrust ones opponent, to stick to ones opinion, to insist on",n1
務まる,つとまる,"be equal, be fit",n1
勤め先,つとめさき,place of work,n1
努めて,つとめて,"make an effort!, work hard!",n1
津波,つなみ,"tsunami, tidal wave",n1
角,つの,horn,n1
募る,つのる,"to invite, to solicit help, participation, etc",n1
唾,つば,"saliva, spit, sputum",n1
呟く,つぶやく,"to mutter, to murmur",n1
壷,つぼ,"jar, pot, vase",n1
蕾,つぼみ,"bud, flower bud",n1
連なる,つらなる,"to extend, to stretch out, to stand in a row",n1
貫く,つらぬく,to go through,n1
連ねる,つらねる,"to link, to join, to put together",n1
釣り鐘,つりがね,temple bell for striking,n1
吊り革,つりかわ,strap,n1
手当,てあて,"allowance, compensation treatment",n1
定義,ていぎ,definition,n1
提供,ていきょう,"offer, program sponsoring",n1
提携,ていけい,"cooperation, tieup, joint business",n1
体裁,ていさい,"decency, style, form, appearance",n1
提示,ていじ,"presentation, exhibit, suggest, citation",n1
定食,ていしょく,"fixedprice lunch, set meal, dinner",n1
訂正,ていせい,"correction, revision",n1
停滞,ていたい,"stagnation, tieup, congestion, retention",n1
邸宅,ていたく,"mansion, residence",n1
定年,ていねん,retirement age,n1
堤防,ていぼう,"bank, weir",n1
手遅れ,ておくれ,being too belated treatment,n1
手掛かり,てがかり,"hint, clue, key",n1
手掛ける,てがける,"to handle, to manage, to work with",n1
手数,てかず,"trouble, labor, handling",n1
手軽,てがる,"easy, simple, cheap",n1
適応,てきおう,"adaptation, accommodation, conformity",n1
適宜,てきぎ,suitability,n1
適性,てきせい,aptitude,n1
手際,てぎわ,"performance, skill, tact",n1
出くわす,でくわす,"to happen to meet, to come across",n1
手順,てじゅん,"process, procedure, protocol",n1
手錠,てじょう,"handcuffs, manacles",n1
手近,てぢか,"near, handy, familiar",n1
鉄鋼,てっこう,iron and steel,n1
徹する,てっする,"to devote oneself, to believe in",n1
鉄棒,てつぼう,"iron rod, crowbar, horizontal bar gymnastics",n1
出直し,でなおし,"adjustment, touch up",n1
掌,てのひら,the palm,n1
手配,てはい,"arrangement, search by police",n1
手筈,てはず,"arrangement, plan, program",n1
手引,てびき,"guidance, guide, introduction",n1
手本,てほん,"model, pattern",n1
手回し,てまわし,"preparations, arrangements",n1
手元,てもと,"money on hand or at home, one's purse usual skill",n1
照り返す,てりかえす,"to reflect, to throw back light",n1
手分け,てわけ,division of labor,n1
天,てん,"heaven, sky",n1
田園,でんえん,"country, rural districts",n1
天下,てんか,"the world, whole country",n1
転回,てんかい,"revolution, rotation",n1
連休,れんきゅう,consecutive holidays,n1
連日,れんじつ,every day,n1
連帯,れんたい,solidarity,n1
連中,れんちゅう,"colleagues, company, a lot",n1
連邦,れんぽう,"commonwealth, federation of states",n1
連盟,れんめい,"league, union, alliance",n1
老衰,ろうすい,"senility, senile decay",n1
朗読,ろうどく,"reading aloud, recitation",n1
浪費,ろうひ,"waste, extravagance",n1
労力,ろうりょく,"labor, effort, trouble",n1
露骨,ろこつ,"blunt, outspoken conspicuous broad, suggestive",n1
論議,ろんぎ,discussion,n1
論理,ろんり,logic,n1
惑星,わくせい,planet,n1
技,わざ,"art, technique",n1
煩わしい,わずらわしい,"burdensome, troublesome, complicated",n1
渡り鳥,わたりどり,"migratory bird, bird of passage",n1
詫び,わび,apology,n1
和文,わぶん,"Japanese text, sentence in Japanese",n1
藁,わら,straw,n1
～割,わり, percent,n1
割当,わりあて,"allotment, allocation, quota",n1
割込む,わりこむ,"to cut in, to disturb",n1
悪者,わるもの,"bad fellow, rascal",n1
捗る,はかどる,"to make progress, to move right ahead with the work, to advance",n1
破棄,はき,"revocation, annulment, breaking eg, treaty",n1
剥ぐ,はぐ,"to tear off, to peel off, to rip off",n1
迫害,はくがい,persecution,n1
薄弱,はくじゃく,"feebleness, weakness, weak",n1
白状,はくじょう,confession,n1
漠然,ばくぜん,"obscure, vague, equivocal",n1
爆弾,ばくだん,bomb,n1
爆破,ばくは,"blast, explosion, blow up",n1
暴露,ばくろ,"disclosure, exposure, revelation",n1
励ます,はげます,"to encourage, to cheer, to raise the voice",n1
励む,はげむ,"to be zealous, to make an effort",n1
剥げる,はげる,"to come off, to be worn off, to fade, to discolor",n1
化ける,ばける,"to disguise, to take the form of",n1
派遣,はけん,"dispatch, send",n1
恥,はじ,"shame, embarrassment",n1
弾く,はじく,"to play piano, guitar",n1
恥じらう,はじらう,"to feel shy, to be bashful, to blush",n1
恥じる,はじる,to feel ashamed,n1
橋渡し,はしわたし,"bridge building', mediation",n1
弾む,はずむ,"to bounce, to be encouraged, to splurge on",n1
破損,はそん,damage,n1
叩く,はたく,"to strike, to clap, to dust, to beat",n1
裸足,はだし,barefoot,n1
果たす,はたす,"to accomplish, to fulfill, to carry out, to achieve",n1
蜂蜜,はちみつ,honey,n1
罰,ばつ,"punishment, penalty",n1
発育,はついく,"physical growth, development",n1
発芽,はつが,germination,n1
発掘,はっくつ,"excavation, exhumation discovery eg, new talent",n1
発言,はつげん,"utterance, speech, proposal",n1
発生,はっせい,"outbreak, spring forth, occurrence",n1
仕立てる,したてる,"to tailor, to make, to prepare",n1
下取り,したどり,"trade in, part exchange",n1
下火,したび,"burning low, waning, declining",n1
実,じつ,"fruit, good result",n1
実家,じっか,one's parents' home,n1
失格,しっかく,"disqualification, elimination, incapacity legal",n1
質疑,しつぎ,question,n1
失脚,しっきゃく,"losing one's standing, being overthrown, falling",n1
実業家,じつぎょうか,"industrialist, businessman",n1
躾,しつけ,"discipline, training",n1
躾ける,しつける,"to discipline, to teach manners",n1
実践,じっせん,"practice, put into practice",n1
質素,しっそ,"simplicity, modesty, frugality",n1
実態,じったい,"truth, fact",n1
失調,しっちょう,"lack of harmony, imbalance",n1
嫉妬,しっと,jealousy,n1
実費,じっぴ,"actual expense, cost price",n1
指摘,してき,"pointing out, identification",n1
自転,じてん,"rotation, spin",n1
助動詞,じょどうし,auxiliary verb,n1
淑やか,しとやか,graceful,n1
萎びる,しなびる,"to shrivel, to fade",n1
屎尿,しにょう,human waste,n1
地主,じぬし,landlord,n1
凌ぐ,しのぐ,"to outdo, to surpass to endure",n1
芝,しば,lawn,n1
始発,しはつ,first train,n1
耳鼻科,じびか,otolaryngology,n1
私物,しぶつ,"private property, personal effects",n1
司法,しほう,administration of justice,n1
始末,しまつ,disposal cleaning up afterwards,n1
染みる,しみる,to soak pierce,n1
使命,しめい,"mission, errand, message",n1
地元,じもと,local,n1
視野,しや,"field of vision, outlook",n1
弱,じゃく,"delicate, supple",n1
社交,しゃこう,social life,n1
謝絶,しゃぜつ,refusal,n1
社宅,しゃたく,company owned house,n1
若干,じゃっかん,"some, few, number of",n1
三味線,しゃみせん,threestringed Japanese guitar,n1
斜面,しゃめん,"slope, slanting surface, bevel",n1
砂利,じゃり,"gravel, ballast, pebbles",n1
洒落る,しゃれる,"to joke, to play on words stylish",n1
種,しゅ,seed variety,n1
私有,しゆう,private ownership,n1
～宗,しゅう,sect,n1
収益,しゅうえき,"earnings, proceeds, returns",n1
修学,しゅうがく,learning,n1
周期,しゅうき,"cycle, period",n1
衆議院,しゅうぎいん,"Lower House, House of Representatives",n1
就業,しゅうぎょう,"employment, starting work",n1
従業員,じゅうぎょういん,"employee, worker",n1
集計,しゅうけい,"totalization, aggregate",n1
襲撃,しゅうげき,"attack, charge, raid",n1
収支,しゅうし,income and expenditure,n1
終始,しゅうし,from beginning to end consistently,n1
修士,しゅうし,Masters degree program,n1
従事,じゅうじ,"engaging, pursuing, following",n1
終日,しゅうじつ,all day,n1
充実,じゅうじつ,"fullness, perfection",n1
収集,しゅうしゅう,"gathering up, collection",n1
十字路,じゅうじろ,crossroads,n1
執着,しゅうじゃく,"attachment, adhesion, tenacity",n1
柔軟,じゅうなん,flexible,n1
収容,しゅうよう,accommodation seating custody,n1
従来,じゅうらい,"up to now, so far, traditional",n1
守衛,しゅえい,"security guard, doorkeeper",n1
主演,しゅえん,"starring, playing the leading part",n1
主観,しゅかん,"subjectivity, subject, ego",n1
修行,しゅぎょう,"pursuit of knowledge, training, ascetic practice",n1
塾,じゅく,afterschool cram school,n1
祝賀,しゅくが,"celebration, congratulations",n1
宿命,しゅくめい,"fate, destiny, predestination",n1
手芸,しゅげい,handicrafts,n1
主権,しゅけん,sovereignty,n1
主催,しゅさい,"organization, sponsorship, to host",n1
取材,しゅざい,"coverage, collecting data",n1
趣旨,しゅし,"object, meaning",n1
種々,しゅじゅ,variety,n1
主食,しゅしょく,staple food,n1
主人公,しゅじんこう,protagonist,n1
主体,しゅたい,"subject, main constituent",n1
主題,しゅだい,"subject, theme, motif",n1
出演,しゅつえん,"leading performer, stage appearance",n1
出血,しゅっけつ,bleeding,n1
出現,しゅつげん,"appearance, arrival",n1
出産,しゅっさん,childbirth,n1
出社,しゅっしゃ,come to work,n1
出生,しゅっしょう,birth,n1
微量,びりょう,"minuscule amount, extremely small quantity",n1
昼飯,ひるめし,lunch midday meal,n1
比例,ひれい,proportion,n1
疲労,ひろう,"fatigue, weariness",n1
敏感,びんかん,"sensibility, susceptibility, sensitive to",n1
貧困,ひんこん,"poverty, lack",n1
品質,ひんしつ,quality,n1
貧弱,ひんじゃく,"poor, meager, insubstantial",n1
品種,ひんしゅ,"breed, type, variety",n1
頻繁,ひんぱん,frequency,n1
貧乏,びんぼう,"poverty, destitute, poor",n1
不意,ふい,"sudden, abrupt, unexpected",n1
封,ふう,seal,n1
封鎖,ふうさ,"blockade, freezing funds",n1
風車,ふうしゃ,windmill,n1
風習,ふうしゅう,custom,n1
風俗,ふうぞく,"manners, customs sex industry",n1
風土,ふうど,"natural features, climate",n1
部下,ぶか,one's subordinate,n1
不可欠,ふかけつ,"indispensable, essential",n1
不吉,ふきつ,"ominous, sinister, bad luck, ill omen",n1
不況,ふきょう,"recession, depression, slump",n1
布巾,ふきん,dish cloth,n1
複合,ふくごう,"composite, complex",n1
福祉,ふくし,"welfare, wellbeing",n1
覆面,ふくめん,"mask, veil, disguise",n1
膨れる,ふくれる,"to swell out, to be inflated, to bulge",n1
不景気,ふけいき,"business recession, hard times, depression",n1
耽る,ふける,"to indulge in, to give oneself up to, to be absorbed in",n1
老ける,ふける,to age,n1
富豪,ふごう,"wealthy person, millionaire",n1
布告,ふこく,"edict, ordinance, proclamation",n1
負債,ふさい,"debt, liabilities",n1
不在,ふざい,absence,n1
不順,ふじゅん,"irregularity, unseasonableness",n1
負傷,ふしょう,"injury, wound",n1
侮辱,ぶじょく,"insult, contempt, slight",n1
不審,ふしん,"suspicious, doubt, infidelity",n1
不振,ふしん,"dullness, slump, stagnation",n1
武装,ぶそう,"arms, armament, armed",n1
札,ふだ,"token, label ticket, card charm, talisman",n1
負担,ふたん,burden load,n1
不調,ふちょう,"bad condition, disorder, slump",n1
復活,ふっかつ,"revival eg, musical, restoration",n1
物議,ぶつぎ,public discussion criticism,n1
復旧,ふっきゅう,"restoration, restitution, rehabilitation",n1
復興,ふっこう,"revival, renaissance, reconstruction",n1
物資,ぶっし,"goods, materials",n1
仏像,ぶつぞう,Buddhist image statue,n1
物体,ぶったい,object,n1
沸騰,ふっとう,"boiling, seething",n1
不当,ふとう,"injustice, impropriety, unfair",n1
不動産,ふどうさん,real estate,n1
無難,ぶなん,"safety, security",n1
赴任,ふにん,proceeding to new appointment,n1
腐敗,ふはい,"decay, depravity",n1
不評,ふひょう,"bad reputation, disgrace, unpopularity",n1
不服,ふふく,"dissatisfaction, discontent, disapproval",n1
普遍,ふへん,"universality, ubiquity, omnipresence",n1
踏まえる,ふまえる,"to be based on, to have origin in",n1
踏み込む,ふみこむ,"to step into someone else's territory, to break into, to raid",n1
不明,ふめい,"unknown, ambiguous",n1
部門,ぶもん,"class, group, category, department, field, branch",n1
扶養,ふよう,"support, maintenance",n1
振り返る,ふりかえる,"to turn head, to turn around, to look back",n1
振り出し,ふりだし,"outset, starting point, drawing or issuing draft",n1
不良,ふりょう,"badness, delinquent, failure",n1
浮力,ふりょく,buoyancy,n1
武力,ぶりょく,"armed might, military power, the sword, force",n1
震わせる,ふるわせる,"to be shaking, to be trembling",n1
無礼,ぶれい,"impolite, rude",n1
付録,ふろく,"appendix, supplement",n1
憤慨,ふんがい,"indignation, resentment",n1
文化財,ぶんかざい,"cultural assets, cultural property",n1
分業,ぶんぎょう,"division of labor, specialization, assemblyline production",n1
文語,ぶんご,"written language, literary language",n1
分散,ぶんさん,"dispersion, decentralization, variance statistics",n1
分子,ぶんし,"numerator, molecule",n1
紛失,ふんしつ,losing something,n1
噴出,ふんしゅつ,"spewing, gushing, spouting",n1
文書,ぶんしょ,"document, writing",n1
紛争,ふんそう,"dispute, trouble, strife",n1
分担,ぶんたん,"apportionment, sharing",n1
奮闘,ふんとう,"hard struggle, strenuous effort",n1
分配,ぶんぱい,"division, sharing",n1
分母,ぶんぼ,denominator,n1
粉末,ふんまつ,fine powder,n1
分離,ぶんり,"separation, detachment, segregation",n1
分裂,ぶんれつ,"split, division, break up",n1
兵器,へいき,"arms, weapons, ordinance",n1
閉口,へいこう,shut mouth,n1
閉鎖,へいさ,"closing, closure, shutdown",n1
兵士,へいし,soldier,n1
平常,へいじょう,"normal, usual",n1
平方,へいほう,"square eg, meter, square",n1
並列,へいれつ,"arrangement, parallel, abreast",n1
辟易,へきえき,"wince, shrink back, succumbing to, being frightened",n1
隔たる,へだたる,to be distant,n1
縁,へり,edge,n1
弁解,べんかい,"explanation, justification, excuse",n1
変革,へんかく,"change, reformthe Reformation",n1
返還,へんかん,"return, restoration",n1
便宜,べんぎ,"convenience, accommodation",n1
偏見,へんけん,"prejudice, narrow view",n1
弁護,べんご,"defense, pleading, advocacy",n1
返済,へんさい,repayment,n1
弁償,べんしょう,"compensation, reparation, reimbursement",n1
変遷,へんせん,"change, transition, vicissitudes",n1
返答,へんとう,reply,n1
変動,へんどう,"change, fluctuation",n1
弁論,べんろん,"discussion, debate, argument",n1
穂,ほ,"ear of plant, head of plant",n1
保育,ほいく,"nursing, nurturing, rearing",n1
法案,ほうあん,bill law,n1
防衛,ぼうえい,"defense, protection, selfdefense",n1
防火,ぼうか,"fire prevention, fire fighting, fire proof",n1
崩壊,ほうかい,"collapse, decay physics, crumbling",n1
妨害,ぼうがい,"disturbance, obstruction, interference",n1
法学,ほうがく,"law, jurisprudence",n1
封建,ほうけん,feudalistic,n1
豊作,ほうさく,"abundant harvest, bumper crop",n1
方策,ほうさく,"plan, policy",n1
奉仕,ほうし,"attendance, service",n1
方式,ほうしき,"form, method, system",n1
放射,ほうしゃ,"radiation, emission",n1
放射能,ほうしゃのう,radioactivity,n1
報酬,ほうしゅう,"remuneration, recompense, reward",n1
放出,ほうしゅつ,"release, emit",n1
報じる,ほうじる,"to inform, to report",n1
報ずる,ほうずる,"to inform, to report",n1
紡績,ぼうせき,spinning,n1
呆然,ぼうぜん,"dumbfounded, overcome with surprise",n1
放置,ほうち,"leave as is, leave alone, neglect",n1
膨張,ぼうちょう,"expansion, swelling, increase",n1
法廷,ほうてい,courtroom,n1
報道,ほうどう,"coverage, report",n1
冒頭,ぼうとう,"beginning, start, outset",n1
暴動,ぼうどう,"insurrection, riot, uprising",n1
褒美,ほうび,"reward, prize",n1
暴風,ぼうふう,"storm, windstorm, gale",n1
葬る,ほうむる,"to bury, to entomb",n1
放り込む,ほうりこむ,to throw into,n1
放り出す,ほうりだす,"to throw out, to give up, to abandon",n1
暴力,ぼうりょく,violence,n1
飽和,ほうわ,saturation,n1
保温,ほおん,"retaining warmth, keeping heat in, heat insulation",n1
捕獲,ほかく,"capture, seizure",n1
保管,ほかん,"custody, safekeeping, storage",n1
補給,ほきゅう,"supply, supplying, replenishment",n1
補強,ほきょう,reinforcement,n1
募金,ぼきん,"fundraising, collection of funds",n1
牧師,ぼくし,"pastor, minister, clergyman",n1
捕鯨,ほげい,whaling,n1
惚ける,ぼける,"to grow senile, to fade",n1
保険,ほけん,"insurance, guarantee",n1
母校,ぼこう,alma mater,n1
母国,ぼこく,one's home country same as 自分の国 じぶんのくに,n1
誇る,ほこる,"to boast of, to be proud of",n1
綻びる,ほころびる,"to come apart at the seams, to smile broadly",n1
干し～,ほし,dried ,n1
干し物,ほしもの,dried washing clothes,n1
保守,ほしゅ,"conservative, maintaining",n1
補充,ほじゅう,"supplementation, replenishment, replenishing",n1
補助,ほじょ,"assistance, support, auxiliary",n1
舗装,ほそう,"pavement, road surface",n1
補足,ほそく,"supplement, complement",n1
墓地,ぼち,"cemetery, graveyard",n1
発作,ほっさ,"fit, attack",n1
没収,ぼっしゅう,forfeited,n1
発足,ほっそく,"starting, inauguration",n1
没落,ぼつらく,"ruin, fall, collapse",n1
解ける,ほどける,"to come untied, to come apart",n1
施す,ほどこす,"to give, to conduct, to perform",n1
保養,ほよう,"health preservation, recuperation, recreation",n1
捕虜,ほりょ,prisoner of war,n1
滅びる,ほろびる,"to be ruined, to perish, to be destroyed",n1
滅ぼす,ほろぼす,"to destroy, to overthrow, to ruin",n1
本格,ほんかく,"propriety, fullscale",n1
本館,ほんかん,main building,n1
本気,ほんき,"seriousness, truth, sanctity",n1
本国,ほんごく,one's own country,n1
本質,ほんしつ,"essence, true nature, reality",n1
本体,ほんたい,"substance, body, trunk",n1
本音,ほんね,"one's real intention, motive",n1
本能,ほんのう,instinct,n1
本場,ほんば,"home, best place, genuine",n1
本文,ほんぶん,"text of document, body of letter",n1
本名,ほんみょう,real name,n1
埋蔵,まいぞう,"buried property, treasure trove",n1
舞う,まう,"to dance, to flutter about, to revolve",n1
真上,まうえ,"just above, right overhead",n1
前売,まえうり,"advance sale, booking",n1
前置き,まえおき,"preface, introduction",n1
任す,まかす,"to entrust, to leave to a person",n1
負かす,まかす,to defeat,n1
賄う,まかなう,"to give board to, to provide meals, to pay",n1
紛らわしい,まぎらわしい,"confusing, misleading, ambiguous",n1
紛れる,まぎれる,"to be diverted, to slip into",n1
真心,まごころ,"sincerity, devotion",n1
誠,まこと,"truth, faith, fidelity",n1
誠に,まことに,"indeed, really very polite, absolutely",n1
勝る,まさる,"to excel, to surpass, to outrival",n1
～増し,まし,increase,n1
交える,まじえる,"to mix, to converse with, to cross swords",n1
真下,ました,"right under, directly below",n1
交わる,まじわる,"to cross, to intersect, to mingle with,",n1
麻酔,ますい,anesthesia,n1
待ち合わせ,まちあわせ,appointment,n1
待ち遠しい,まちどおしい,looking forward to,n1
待ち望む,まちのぞむ,"to look anxiously for, to wait eagerly for",n1
末期,まっき,"deathbed, hour of death",n1
真っ二つ,まっぷたつ,in two equal parts,n1
纏まり,まとまり,"conclusion, settlement, consistency",n1
纏め,まとめ,"settlement, conclusion",n1
免れる,まぬがれる,"to escape from, to be exempted",n1
招き,まねき,invitation,n1
瞬き,まばたき,"wink, twinkling of stars, flicker of light",n1
麻痺,まひ,"paralysis, palsy, numbness",n1
眉,まゆ,eyebrow,n1
鞠,まり,ball,n1
丸ごと,まるごと,"in its entirety, whole, wholly",n1
丸々,まるまる,completely,n1
丸める,まるめる,"to make round, to round off, to roll up",n1
満月,まんげつ,full moon,n1
満場,まんじょう,"unanimous, whole audience",n1
真ん前,まんまえ,"right in front, under the nose",n1
真ん丸い,まんまるい,perfectly circular,n1
真ん円い,まんまるい,perfectly round,n1
～味,み, cast sense of taste,n1
見合い,みあい,formal marriage interview,n1
見合わせる,みあわせる,to exchange glances to postpone,n1
見落とす,みおとす,"to overlook, to fail to notice",n1
未開,みかい,"savage land, backward region, uncivilized",n1
味覚,みかく,"taste, palate, sense of taste",n1
幹,みき,tree trunk,n1
見苦しい,みぐるしい,"unsightly, ugly",n1
見込み,みこみ,"prospects, expectation, hope",n1
未婚,みこん,unmarried,n1
未熟,みじゅく,"inexperience, unskilled, immature",n1
微塵,みじん,"particle, atom",n1
水気,みずけ,"moisture, dampness",n1
見せびらかす,みせびらかす,"to show off, to flaunt",n1
見せ物,みせもの,"show, exhibition",n1
満たす,みたす,"to satisfy, to ingratiate, to fill, to fulfill",n1
乱す,みだす,"to throw out of order, to disarrange, to disturb",n1
乱れる,みだれる,"to get confused, to be disordered, to be disturbed",n1
未知,みち,not yet known,n1
身近,みぢか,"near oneself, close to one, familiar",n1
導く,みちびく,"to be guided, to be shown",n1
密集,みっしゅう,"crowd, close formation, dense",n1
密接,みっせつ,"connected, close, intimate",n1
密度,みつど,density,n1
見積もり,みつもり,"estimation, quotation",n1
未定,みてい,"not yet fixed, undecided, pending",n1
見通し,みとおし,"perspective, unobstructed view, prospect",n1
見なす,みなす,"to consider as, to regard",n1
源,みなもと,"source, origin",n1
見習う,みならう,to follow another's example,n1
身なり,みなり,personal appearance,n1
峰,みね,"peak, ridge",n1
身の上,みのうえ,"one's future, one's welfare, one's personal history",n1
見逃す,みのがす,"to miss, to overlook, to leave at large",n1
身の回り,みのまわり,"one's personal appearance, personal belongings",n1
見計らう,みはからう,to choose at one's own discretion,n1
見晴らし,みはらし,view,n1
身振り,みぶり,gesture,n1
脈,みゃく,pulse,n1
未練,みれん,"lingering affection, attachment, regrets",n1
見渡す,みわたす,"to look out over, to survey scene, to take an extensive view of",n1
民宿,みんしゅく,private house providing lodging and meals to tourists,n1
民族,みんぞく,"people, race",n1
民俗,みんぞく,folk customs,n1
無意味,むいみ,"nonsense, no meaning",n1
無口,むくち,reticence,n1
婿,むこ,soninlaw,n1
無効,むこう,"invalid, no effect, unavailable",n1
無言,むごん,silence,n1
無邪気,むじゃき,"innocence, simplemindedness",n1
結び,むすび,"ending, conclusion, union",n1
結び付き,むすびつき,"connection, relation",n1
結び付く,むすびつく,"to be connected or related, to join together",n1
結び付ける,むすびつける,"to combine, to join, to tie on, to attach with a knot",n1
無線,むせん,"wireless, radio",n1
無駄遣い,むだづかい,"waste money on, squander money on",n1
無断,むだん,"without permission, without notice",n1
無知,むち,ignorance,n1
無茶,むちゃ,"absurd, unreasonable",n1
無茶苦茶,むちゃくちゃ,"confused, jumbled, mixed up, unreasonable",n1
空しい,むなしい,"vacant, futile, vain",n1
無念,むねん,"chagrin, regret",n1
無能,むのう,"inefficiency, incompetence",n1
無闇に,むやみに,"unreasonably, absurdly, at random",n1
無用,むよう,"useless, needlessness, unnecessariness",n1
斑,むら,"unevenness, inconsistency, irregularity",n1
群がる,むらがる,"to swarm, to gather",n1
無論,むろん,"of course, naturally",n1
名産,めいさん,noted product,n1
名称,めいしょう,name,n1
命中,めいちゅう,a hit,n1
明白,めいはく,"obvious, clear",n1
名簿,めいぼ,register of names,n1
名誉,めいよ,"honor, credit, prestige",n1
明瞭,めいりょう,clarity,n1
明朗,めいろう,"bright, clear, cheerful",n1
目方,めかた,weight,n1
恵み,めぐみ,blessing,n1
恵む,めぐむ,"to bless, to show mercy to",n1
目覚しい,めざましい,"brilliant, remarkable",n1
目覚める,めざめる,to wake up,n1
召す,めす,"to call, to send for, to put on",n1
雌,めす,female animal,n1
目付き,めつき,"look, expression of the eyes, eyes",n1
滅亡,めつぼう,"downfall, collapse, destruction",n1
目途,めど,"goal, outlook",n1
目盛,めもり,"scale, gradations",n1
面会,めんかい,interview,n1
免除,めんじょ,"exemption, exoneration, discharge",n1
面する,めんする,"to face on, to look out on to",n1
面目,めんぼく,"face, honor, reputation",n1
～網,もう, network,n1
設ける,もうける,"to create, to establish",n1
申し入れる,もうしいれる,"to propose, to suggest",n1
申込,もうしこみ,"application, request, proposal",n1
申出,もうしで,"request, claim, report",n1
申し出る,もうしでる,"to report to, to tell, to suggest",n1
申し分,もうしぶん,"objection, shortcomings",n1
盲点,もうてん,blind spot,n1
猛烈,もうれつ,"violent, vehement, rage",n1
目録,もくろく,"catalogue, catalog, list",n1
目論見,もくろみ,"a plan, a scheme, intention",n1
模型,もけい,"model, dummy, marquette",n1
模索,もさく,groping for,n1
持ち切り,もちきり,"hot topic, talk of the town",n1
目下,もっか,"at present, now",n1
専ら,もっぱら,"wholly, solely, entirely",n1
物好き,ものずき,idle curiosity,n1
物足りない,ものたりない,"unsatisfied, unsatisfactory",n1
模範,もはん,"model, example",n1
模倣,もほう,"imitation, copying",n1
股,もも,"thigh, femur",n1
腿,もも,"thigh, femur",n1
催す,もよおす,"to hold a meeting, to give a dinner",n1
漏らす,もらす,"to let leak, to reveal",n1
盛り上がる,もりあがる,"to rouse, to swell, to rise",n1
漏る,もる,"to leak, to run out",n1
漏れる,もれる,"to leak out, to escape, to filter out",n1
脆い,もろい,"brittle, fragile, tenderhearted",n1
矢,や,arrow,n1
野外,やがい,"fields, outskirts, open air, suburbs",n1
～薬,やく,medicine,n1
夜具,やぐ,bedding,n1
役職,やくしょく,"post, managerial position, official position",n1
役場,やくば,town hall,n1
屋敷,やしき,mansion,n1
養う,やしなう,"to rear, to maintain, to cultivate",n1
野心,やしん,"ambition, aspiration",n1
安っぽい,やすっぽい,"cheaplooking, tawdry",n1
休める,やすめる,"to rest, to suspend, to give relief",n1
野生,やせい,wild,n1
奴,やつ,"vulg fellow, guy, chap",n1
闇,やみ,"darkness, shady, illegal",n1
病む,やむ,"to fall ill, to be ill",n1
和らげる,やわらげる,"to soften, to moderate, to relieve",n1
～油,ゆ, oil,n1
優位,ゆうい,"predominance, ascendancy, superiority",n1
憂鬱,ゆううつ,"depression, melancholy",n1
有益,ゆうえき,"beneficial, profitable",n1
優越,ゆうえつ,"supremacy, predominance, being superior to",n1
勇敢,ゆうかん,"bravery, heroism, gallantry",n1
夕暮れ,ゆうぐれ,"evening, evening twilight",n1
融資,ゆうし,"financing, loan",n1
有する,ゆうする,"to own, to be endowed with",n1
優勢,ゆうせい,"superiority, superior power, predominance",n1
優先,ゆうせん,"preference, priority",n1
誘導,ゆうどう,"guidance, leading, inducement",n1
融通,ゆうずう,"adaptability, versatility, finance",n1
優美,ゆうび,"grace, refinement, elegance",n1
有望,ゆうぼう,"good prospects, full of hope, promising",n1
遊牧,ゆうぼく,nomadism,n1
夕焼け,ゆうやけ,sunset,n1
有力,ゆうりょく,"influence, prominence potent",n1
幽霊,ゆうれい,"ghost, specter, phantom",n1
誘惑,ゆうわく,"temptation, allurement, lure",n1
故,ゆえ,"reason, cause, circumstances",n1
歪む,ゆがむ,"to warp, to be crooked, to be distorted",n1
揺さぶる,ゆさぶる,"to shake, to jolt, to rock, to swing",n1
指差す,ゆびさす,to point at,n1
弓,ゆみ,bow,n1
揺らぐ,ゆらぐ,"to swing, to sway, to shake",n1
緩む,ゆるむ,"to become loose, to slacken",n1
緩める,ゆるめる,"to loosen, to slow down",n1
緩やか,ゆるやか,lenient,n1
要因,よういん,"primary factor, main cause",n1
溶液,ようえき,solution,n1
用件,ようけん,business,n1
養護,ようご,"protection, nursing, protective care",n1
用紙,ようし,a form,n1
様式,ようしき,"style, form, pattern",n1
要する,ようする,"to demand, to require, to take",n1
要請,ようせい,"claim, demand, request, application",n1
様相,ようそう,aspect,n1
用品,ようひん,"articles, supplies, parts",n1
洋風,ようふう,western style,n1
用法,ようほう,"directions, rules of use",n1
要望,ようぼう,"demand for, request",n1
余暇,よか,"leisure, leisure time, spare time",n1
予感,よかん,"presentiment, premonition",n1
余興,よきょう,"side show, entertainment",n1
預金,よきん,"deposit, bank account",n1
欲,よく,"greed, wants",n1
抑圧,よくあつ,"restraint, oppression, suppression",n1
浴室,よくしつ,"bathroom, bath",n1
抑制,よくせい,"control, restraint, suppression",n1
欲深い,よくふかい,greedy,n1
欲望,よくぼう,"desire, appetite",n1
避ける,よける,"to avoid physical contact with to ward off, to avert",n1
予言,よげん,"prediction, promise, prognostication",n1
横綱,よこづな,sumo grand champion,n1
汚れ,よごれ,"dirt, filth",n1
良し,よし,all right!,n1
善し悪し,よしあし,"good or bad, merits or demerits, quality",n1
余所見,よそみ,"looking away, looking aside",n1
余地,よち,"place, room, margin",n1
与党,よとう,"government party, ruling party in power, government",n1
呼び止める,よびとめる,to flag down,n1
夜更し,よふかし,"staying up late, keeping late hours",n1
夜更け,よふけ,late at night,n1
余程,よほど,"very, much, to a large extent, quite",n1
読み上げる,よみあげる,"to read out loud and clearly, to call a roll",n1
～寄り,より,"near to  eg, North by East",n1
寄り掛かる,よりかかる,"to lean against, to recline on, to lean on, to rely on",n1
弱る,よわる,"to weaken, to be troubled, to be emaciated",n1
来場,らいじょう,attendance,n1
酪農,らくのう,dairy farming,n1
落下,らっか,"fall, drop, come down",n1
楽観,らっかん,optimism,n1
濫用,らんよう,"abuse, misuse, using to excess",n1
理屈,りくつ,"theory, reason",n1
利子,りし,interest bank,n1
利潤,りじゅん,"profit, returns",n1
理性,りせい,"reason, sense",n1
利息,りそく,interest bank,n1
立体,りったい,solid body,n1
立方,りっぽう,cube,n1
立法,りっぽう,"legislation, lawmaking",n1
利点,りてん,"advantage, point in favor",n1
略奪,りゃくだつ,"pillage, looting, robbery",n1
略語,りゃくご,"abbreviation, acronym",n1
流通,りゅうつう,"circulation of money or goods, distribution",n1
領域,りょういき,"area, territory, region",n1
了解,りょうかい,"comprehension, consent, understanding",n1
領海,りょうかい,territorial waters,n1
両極,りょうきょく,"both extremities, north and south poles",n1
良好,りょうこう,"favorable, satisfactory",n1
良識,りょうしき,good sense,n1
良質,りょうしつ,"good quality, superior quality",n1
了承,りょうしょう,"acknowledgment, understanding",n1
良心,りょうしん,conscience,n1
領地,りょうち,territory,n1
領土,りょうど,"territory, possession",n1
両立,りょうりつ,"compatibility, coexistence, standing together",n1
旅客,りょかく,passenger,n1
旅券,りょけん,passport,n1
履歴,りれき,"personal history, background, log",n1
理論,りろん,theory,n1
林業,りんぎょう,forestry,n1
類,るい,"kind, class, family",n1
類推,るいすい,analogy,n1
類似,るいじ,analogous,n1
冷酷,れいこく,"cruelty, coldheartedness, ruthless",n1
冷蔵,れいぞう,refrigeration,n1
冷淡,れいたん,"coolness, indifference",n1
恋愛,れんあい,"love, romance",n1
発病,はつびょう,"attack, to become sick",n1
初耳,はつみみ,something heard for the first time,n1
果て,はて,"the end, the extremity, the limits",n1
果てる,はてる,"to end, to be finished, to be exhausted",n1
甚だ,はなはだ,"very, greatly, exceedingly",n1
華々しい,はなばなしい,"brilliant, magnificent, spectacular",n1
花びら,はなびら,flower petal,n1
華やか,はなやか,"brilliant, gorgeous, florid",n1
阻む,はばむ,"to keep someone from doing, to stop, to oppose",n1
浜,はま,"beach, seashore",n1
浜辺,はまべ,"beach, foreshore",n1
早める,はやめる,"to hasten, to quicken, to accelerate",n1
腹立ち,はらだち,anger,n1
原っぱ,はらっぱ,"open field, empty lot, plain",n1
張り紙,はりがみ,"notice, poster",n1
遥か,はるか,"far, faraway, distant",n1
破裂,はれつ,"explosion, rupture, break off",n1
腫れる,はれる,"to swell from inflammation, to become swollen",n1
繁栄,はんえい,"prospering, prosperity, flourishing",n1
版画,はんが,art print,n1
反感,はんかん,"antipathy, revolt, animosity",n1
反響,はんきょう,"echo, reverberation, repercussion",n1
反撃,はんげき,"counterattack, counteroffensive, counterblow",n1
判決,はんけつ,"judicial decision, judgment, sentence, decree",n1
反射,はんしゃ,"reflection, reverberation",n1
繁盛,はんじょう,"prosperity, flourishing, thriving",n1
繁殖,はんしょく,"breed, multiply, propagation",n1
反する,はんする,"to be inconsistent with, to oppose, to contradict",n1
判定,はんてい,"judgment, decision, award, verdict",n1
万人,ばんにん,"all people, everybody, 10000 people",n1
晩年,ばんねん,one's last years,n1
反応,はんのう,"reaction, response",n1
万能,ばんのう,"allpurpose, almighty, omnipotent",n1
半端,はんぱ,"fragment, fraction, incompleteness",n1
反発,はんぱつ,"repelling, rebound, oppose",n1
反乱,はんらん,"rebellion, revolt, uprising",n1
氾濫,はんらん,"overflowing, flood",n1
美,び,beauty,n1
控室,ひかえしつ,waiting room,n1
控える,ひかえる,to hold back to make notes,n1
悲観,ひかん,"pessimism, disappointment",n1
引き上げる,ひきあげる,"to withdraw, to leave, to pull out",n1
率いる,ひきいる,"to lead, to spearhead a group, to command troops",n1
引き起こす,ひきおこす,to cause,n1
引下げる,ひきさげる,"to pull down, to lower, to reduce, to withdraw",n1
引きずる,ひきずる,"to drag along, to pull, to prolong",n1
引取る,ひきとる,to take back to adopt to leave,n1
否決,ひけつ,"rejection, negation, voting down",n1
日頃,ひごろ,"normally, habitually",n1
久しい,ひさしい,"long, longcontinued, old story",n1
悲惨,ひさん,"tragedy, disaster misery, wretched, pitiful",n1
比重,ひじゅう,specific gravity,n1
美術,びじゅつ,"art, fine arts",n1
秘書,ひしょ,private secretary,n1
微笑,びしょう,smile,n1
密か,ひそか,"secret, private, surreptitious",n1
浸す,ひたす,"to soak, to dip, to drench",n1
左利き,ひだりきき,"lefthandedness, sake drinker, lefthander",n1
引っ掻く,ひっかく,to scratch,n1
必修,ひっしゅう,required subject,n1
必然,ひつぜん,"inevitable, necessary",n1
匹敵,ひってき,"comparing with, rival, equal",n1
一息,ひといき,"a breath, a pause, an effort",n1
人影,ひとかげ,"man's shadow, soul",n1
人柄,ひとがら,"personality, character",n1
人気,ひとけ,sign of life,n1
一頃,ひところ,"once, some time ago",n1
人質,ひとじち,hostage,n1
一筋,ひとすじ,"a line, earnestly, blindly, straightforwardly",n1
人目,ひとめ,"glimpse, public gaze",n1
日取り,ひどり,"fixed date, appointed day",n1
雛,ひな,"young bird, chick, doll",n1
雛祭,ひなまつり,Girls' dolls' Festival,n1
日向,ひなた,"sunny place, in the sun",n1
非難,ひなん,"blame, attack, criticism",n1
避難,ひなん,"taking refuge, finding shelter",n1
日の丸,ひのまる,the Japanese flag,n1
火花,ひばな,spark,n1
悲鳴,ひめい,"shriek, scream",n1
冷やかす,ひやかす,"to banter, to make fun of, to jeer at, to cool, to refrigerate",n1
日焼け,ひやけ,sunburn,n1
標語,ひょうご,"motto, slogan, catchword",n1
描写,びょうしゃ,"depiction, description, portrayal",n1
平たい,ひらたい,"flat, even, level",n1
比率,ひりつ,"ratio, proportion, percentage",n1
